{"stats":{"minecraft:killed_by":{"minecraft:enderman":1},"minecraft:dropped":{"minecraft:iron_sword":3,"minecraft:wheat_seeds":30,"minecraft:cooked_porkchop":21,"minecraft:poisonous_potato":3,"minecraft:orange_tulip":1,"minecraft:iron_helmet":2,"minecraft:cobblestone":20,"minecraft:grass_block":1,"minecraft:emerald":12,"minecraft:stick":1,"minecraft:dirt":138,"minecraft:diorite":1,"minecraft:cherry_planks":1,"minecraft:iron_leggings":2,"minecraft:chain":1,"minecraft:oak_stairs":19,"minecraft:sunflower":14,"minecraft:string":871,"minecraft:fishing_rod":1,"minecraft:white_wool":1,"minecraft:stone_sword":2,"minecraft:cobbled_deepslate":2,"minecraft:rotten_flesh":20,"minecraft:clay_ball":4,"minecraft:oak_planks":2,"minecraft:iron_boots":16,"minecraft:iron_hoe":1,"minecraft:salmon":2,"minecraft:carrot":31,"minecraft:poppy":2,"minecraft:potato":242,"minecraft:peony":11,"minecraft:iron_chestplate":17,"minecraft:beetroot_seeds":2,"minecraft:oak_sapling":12,"minecraft:spider_eye":1,"minecraft:arrow":3,"minecraft:wooden_pickaxe":1,"minecraft:stone_pickaxe":1,"minecraft:black_wool":1,"minecraft:egg":1},"minecraft:broken":{"minecraft:iron_shovel":3},"minecraft:used":{"minecraft:oak_trapdoor":6,"minecraft:cherry_sapling":4,"minecraft:stone_sword":29,"minecraft:iron_shovel":759,"minecraft:chest":2,"minecraft:shield":11,"minecraft:iron_sword":201,"minecraft:dirt":523,"minecraft:carrot":31,"minecraft:iron_hoe":118,"minecraft:glass":2,"minecraft:iron_axe":194,"minecraft:barrel":3,"minecraft:tripwire_hook":3,"minecraft:sweet_berries":2,"minecraft:furnace":8,"minecraft:cooked_beef":21,"minecraft:potato":224,"minecraft:cobbled_deepslate":2,"minecraft:powder_snow_bucket":4,"minecraft:water_bucket":164,"minecraft:oak_planks":1,"minecraft:baked_potato":3,"minecraft:stone_pickaxe":63,"minecraft:cherry_planks":13,"minecraft:wooden_pickaxe":6,"minecraft:sugar_cane":21,"minecraft:oak_slab":2,"minecraft:crafting_table":6,"minecraft:blast_furnace":1,"minecraft:white_bed":11,"minecraft:shears":3,"minecraft:lever":1,"minecraft:string":3,"minecraft:iron_pickaxe":230,"minecraft:lectern":120,"minecraft:fishing_rod":13,"minecraft:cobblestone":46,"minecraft:cooked_porkchop":24,"minecraft:andesite":13,"minecraft:bucket":169,"minecraft:yellow_bed":1,"minecraft:oak_boat":1,"minecraft:bone_meal":9},"minecraft:custom":{"minecraft:mob_kills":71,"minecraft:inspect_hopper":19,"minecraft:interact_with_crafting_table":43,"minecraft:open_barrel":14,"minecraft:leave_game":7,"minecraft:time_since_death":271195,"minecraft:sprint_one_cm":671106,"minecraft:walk_one_cm":644147,"minecraft:damage_blocked_by_shield":626,"minecraft:drop":136,"minecraft:talked_to_villager":223,"minecraft:play_time":288051,"minecraft:sneak_time":20479,"minecraft:deaths":1,"minecraft:walk_under_water_one_cm":21830,"minecraft:boat_one_cm":14618,"minecraft:jump":6046,"minecraft:interact_with_blast_furnace":1,"minecraft:walk_on_water_one_cm":54687,"minecraft:total_world_time":288051,"minecraft:interact_with_furnace":92,"minecraft:traded_with_villager":684,"minecraft:interact_with_cartography_table":2,"minecraft:sleep_in_bed":13,"minecraft:time_since_rest":19412,"minecraft:damage_taken":3466,"minecraft:damage_dealt":14153,"minecraft:swim_one_cm":31097,"minecraft:fly_one_cm":1092249,"minecraft:open_chest":132,"minecraft:crouch_one_cm":82744,"minecraft:fall_one_cm":193202,"minecraft:fish_caught":10},"minecraft:mined":{"minecraft:white_bed":7,"minecraft:farmland":2,"minecraft:cobblestone_stairs":1,"minecraft:grass_block":437,"minecraft:spruce_leaves":1,"minecraft:composter":1,"minecraft:hay_block":9,"minecraft:oak_trapdoor":8,"minecraft:furnace":5,"minecraft:carrots":21,"minecraft:iron_ore":58,"minecraft:barrel":3,"minecraft:andesite":13,"minecraft:peony":7,"minecraft:potatoes":126,"minecraft:dirt_path":79,"minecraft:deepslate_iron_ore":5,"minecraft:oak_stairs":17,"minecraft:stone":68,"minecraft:white_tulip":2,"minecraft:tripwire":1,"minecraft:powder_snow":2,"minecraft:clay":1,"minecraft:oak_fence":1,"minecraft:crafting_table":4,"minecraft:short_grass":119,"minecraft:blast_furnace":1,"minecraft:emerald_ore":7,"minecraft:lectern":118,"minecraft:tall_grass":9,"minecraft:cobblestone":24,"minecraft:deepslate_gold_ore":2,"minecraft:sugar_cane":42,"minecraft:oak_planks":19,"minecraft:diorite":1,"minecraft:amethyst_block":10,"minecraft:wheat":15,"minecraft:sweet_berry_bush":2,"minecraft:ice":2,"minecraft:spruce_log":7,"minecraft:yellow_bed":2,"minecraft:oak_log":25,"minecraft:coal_ore":59,"minecraft:beetroots":2,"minecraft:sunflower":11,"minecraft:sand":6,"minecraft:dirt":433,"minecraft:tripwire_hook":1,"minecraft:gold_ore":9,"minecraft:deepslate":4,"minecraft:oak_leaves":6,"minecraft:fern":7},"minecraft:picked_up":{"minecraft:fishing_rod":1,"minecraft:crafting_table":4,"minecraft:iron_chestplate":4,"minecraft:clay_ball":4,"minecraft:wooden_pickaxe":1,"minecraft:oak_stairs":38,"minecraft:chain":1,"minecraft:shield":1,"minecraft:string":6956,"minecraft:oak_trapdoor":4,"minecraft:iron_leggings":1,"minecraft:cobbled_deepslate":4,"minecraft:beef":32,"minecraft:oak_boat":1,"minecraft:poppy":3,"minecraft:iron_pickaxe":1,"minecraft:lectern":118,"minecraft:sugar_cane":43,"minecraft:furnace":5,"minecraft:iron_boots":2,"minecraft:egg":1,"minecraft:stick":4,"minecraft:raw_iron":65,"minecraft:composter":1,"minecraft:porkchop":26,"minecraft:cherry_log":2,"minecraft:diorite":2,"minecraft:carrot":62,"minecraft:redstone":5,"minecraft:stone_sword":3,"minecraft:arrow":7,"minecraft:rotten_flesh":20,"minecraft:beetroot_seeds":2,"minecraft:peony":11,"minecraft:hay_block":9,"minecraft:mutton":12,"minecraft:cod":8,"minecraft:white_wool":5,"minecraft:cobblestone":121,"minecraft:tripwire_hook":1,"minecraft:andesite":26,"minecraft:salmon":2,"minecraft:leather":16,"minecraft:potato":509,"minecraft:oak_log":50,"minecraft:yellow_bed":2,"minecraft:dirt":718,"minecraft:bone":17,"minecraft:wheat_seeds":30,"minecraft:orange_tulip":1,"minecraft:raw_gold":11,"minecraft:iron_ingot":27,"minecraft:iron_sword":3,"minecraft:oak_planks":21,"minecraft:cooked_porkchop":31,"minecraft:sweet_berries":2,"minecraft:poisonous_potato":3,"minecraft:sand":5,"minecraft:blast_furnace":1,"minecraft:grass_block":1,"minecraft:white_bed":7,"minecraft:spruce_log":7,"minecraft:spider_eye":1,"minecraft:barrel":3,"minecraft:iron_hoe":1,"minecraft:iron_helmet":1,"minecraft:cherry_sapling":4,"minecraft:emerald":16,"minecraft:oak_sapling":20,"minecraft:black_wool":2,"minecraft:coal":155,"minecraft:sunflower":14},"minecraft:crafted":{"minecraft:cherry_planks":56,"minecraft:oak_planks":92,"minecraft:fishing_rod":2,"minecraft:tripwire_hook":2,"minecraft:cherry_slab":6,"minecraft:furnace":3,"minecraft:bone_meal":9,"minecraft:lever":1,"minecraft:bookshelf":2,"minecraft:oak_trapdoor":2,"minecraft:glass":2,"minecraft:diamond_helmet":1,"minecraft:diamond_leggings":1,"minecraft:iron_boots":41,"minecraft:iron_axe":1,"minecraft:spruce_slab":30,"minecraft:iron_hoe":1,"minecraft:stone_pickaxe":1,"minecraft:chest":2,"minecraft:diamond_boots":1,"minecraft:wheat":81,"minecraft:cooked_beef":21,"minecraft:emerald":625,"minecraft:cooked_porkchop":26,"minecraft:crafting_table":2,"minecraft:spruce_planks":28,"minecraft:iron_helmet":1,"minecraft:wooden_pickaxe":1,"minecraft:baked_potato":46,"minecraft:iron_sword":1,"minecraft:bucket":1,"minecraft:enchanted_book":1,"minecraft:air":0,"minecraft:oak_boat":1,"minecraft:lectern":2,"minecraft:book":7,"minecraft:paper":21,"minecraft:white_wool":16,"minecraft:iron_chestplate":13,"minecraft:shield":1,"minecraft:stick":20,"minecraft:iron_ingot":49,"minecraft:iron_pickaxe":1,"minecraft:stone_sword":1,"minecraft:iron_shovel":3,"minecraft:iron_leggings":1,"minecraft:white_bed":4,"minecraft:shears":1,"minecraft:diamond_chestplate":1},"minecraft:killed":{"minecraft:spider":5,"minecraft:skeleton":10,"minecraft:pig":11,"minecraft:iron_golem":4,"minecraft:sheep":3,"minecraft:zombie":21,"minecraft:enderman":1,"minecraft:cow":16}},"DataVersion":3953}