{"stats":{"minecraft:killed_by":{"minecraft:enderman":1},"minecraft:dropped":{"minecraft:iron_sword":1,"minecraft:wheat_seeds":25,"minecraft:poisonous_potato":3,"minecraft:orange_tulip":1,"minecraft:cobblestone":20,"minecraft:dirt":138,"minecraft:diorite":1,"minecraft:sunflower":14,"minecraft:string":64,"minecraft:white_wool":1,"minecraft:stone_sword":1,"minecraft:cobbled_deepslate":2,"minecraft:rotten_flesh":15,"minecraft:clay_ball":4,"minecraft:oak_planks":2,"minecraft:iron_hoe":1,"minecraft:carrot":9,"minecraft:potato":47,"minecraft:peony":11,"minecraft:beetroot_seeds":2,"minecraft:spider_eye":1,"minecraft:arrow":2,"minecraft:wooden_pickaxe":1,"minecraft:stone_pickaxe":1,"minecraft:black_wool":1,"minecraft:egg":1},"minecraft:broken":{"minecraft:iron_shovel":3},"minecraft:used":{"minecraft:oak_trapdoor":6,"minecraft:stone_sword":29,"minecraft:iron_shovel":759,"minecraft:chest":2,"minecraft:shield":11,"minecraft:iron_sword":122,"minecraft:dirt":449,"minecraft:carrot":19,"minecraft:iron_hoe":107,"minecraft:iron_axe":67,"minecraft:barrel":3,"minecraft:tripwire_hook":3,"minecraft:sweet_berries":2,"minecraft:furnace":8,"minecraft:cooked_beef":21,"minecraft:potato":82,"minecraft:cobbled_deepslate":2,"minecraft:powder_snow_bucket":4,"minecraft:water_bucket":159,"minecraft:stone_pickaxe":63,"minecraft:wooden_pickaxe":6,"minecraft:sugar_cane":4,"minecraft:crafting_table":6,"minecraft:white_bed":11,"minecraft:shears":3,"minecraft:lever":1,"minecraft:string":3,"minecraft:iron_pickaxe":220,"minecraft:fishing_rod":7,"minecraft:cobblestone":46,"minecraft:cooked_porkchop":15,"minecraft:andesite":13,"minecraft:bucket":164,"minecraft:yellow_bed":1,"minecraft:oak_boat":1,"minecraft:bone_meal":6},"minecraft:custom":{"minecraft:mob_kills":54,"minecraft:inspect_hopper":10,"minecraft:interact_with_crafting_table":31,"minecraft:open_barrel":2,"minecraft:leave_game":6,"minecraft:time_since_death":181541,"minecraft:sprint_one_cm":444385,"minecraft:walk_one_cm":432503,"minecraft:damage_blocked_by_shield":626,"minecraft:drop":42,"minecraft:talked_to_villager":32,"minecraft:play_time":198397,"minecraft:sneak_time":16163,"minecraft:deaths":1,"minecraft:walk_under_water_one_cm":21003,"minecraft:boat_one_cm":14618,"minecraft:jump":4220,"minecraft:walk_on_water_one_cm":48834,"minecraft:total_world_time":198397,"minecraft:interact_with_furnace":53,"minecraft:traded_with_villager":235,"minecraft:sleep_in_bed":5,"minecraft:time_since_rest":28519,"minecraft:damage_taken":2903,"minecraft:damage_dealt":9110,"minecraft:swim_one_cm":31097,"minecraft:fly_one_cm":697554,"minecraft:open_chest":39,"minecraft:crouch_one_cm":65375,"minecraft:fish_caught":5,"minecraft:fall_one_cm":133133},"minecraft:mined":{"minecraft:white_bed":7,"minecraft:farmland":1,"minecraft:cobblestone_stairs":1,"minecraft:grass_block":410,"minecraft:spruce_leaves":1,"minecraft:composter":1,"minecraft:hay_block":9,"minecraft:oak_trapdoor":8,"minecraft:furnace":5,"minecraft:carrots":14,"minecraft:iron_ore":58,"minecraft:barrel":3,"minecraft:andesite":13,"minecraft:peony":7,"minecraft:potatoes":36,"minecraft:deepslate_iron_ore":5,"minecraft:dirt_path":79,"minecraft:oak_stairs":17,"minecraft:stone":68,"minecraft:white_tulip":2,"minecraft:tripwire":1,"minecraft:powder_snow":2,"minecraft:oak_fence":1,"minecraft:clay":1,"minecraft:crafting_table":4,"minecraft:short_grass":116,"minecraft:blast_furnace":1,"minecraft:emerald_ore":7,"minecraft:tall_grass":3,"minecraft:cobblestone":24,"minecraft:deepslate_gold_ore":2,"minecraft:sugar_cane":4,"minecraft:oak_planks":19,"minecraft:diorite":1,"minecraft:wheat":15,"minecraft:sweet_berry_bush":2,"minecraft:ice":2,"minecraft:spruce_log":7,"minecraft:yellow_bed":2,"minecraft:oak_log":25,"minecraft:coal_ore":59,"minecraft:beetroots":2,"minecraft:sunflower":11,"minecraft:dirt":432,"minecraft:tripwire_hook":1,"minecraft:gold_ore":9,"minecraft:oak_leaves":6,"minecraft:deepslate":4,"minecraft:fern":7},"minecraft:picked_up":{"minecraft:crafting_table":4,"minecraft:clay_ball":4,"minecraft:wooden_pickaxe":1,"minecraft:oak_stairs":19,"minecraft:shield":1,"minecraft:oak_trapdoor":4,"minecraft:string":1100,"minecraft:cobbled_deepslate":4,"minecraft:beef":21,"minecraft:oak_boat":1,"minecraft:iron_pickaxe":1,"minecraft:sugar_cane":4,"minecraft:furnace":5,"minecraft:egg":1,"minecraft:stick":3,"minecraft:raw_iron":65,"minecraft:composter":1,"minecraft:porkchop":26,"minecraft:diorite":2,"minecraft:carrot":32,"minecraft:rotten_flesh":15,"minecraft:stone_sword":2,"minecraft:arrow":6,"minecraft:beetroot_seeds":2,"minecraft:peony":11,"minecraft:hay_block":9,"minecraft:mutton":12,"minecraft:cod":4,"minecraft:cobblestone":121,"minecraft:white_wool":5,"minecraft:tripwire_hook":1,"minecraft:salmon":1,"minecraft:andesite":26,"minecraft:leather":11,"minecraft:potato":122,"minecraft:oak_log":50,"minecraft:yellow_bed":2,"minecraft:dirt":655,"minecraft:bone":15,"minecraft:wheat_seeds":25,"minecraft:orange_tulip":1,"minecraft:raw_gold":11,"minecraft:iron_ingot":12,"minecraft:iron_sword":1,"minecraft:oak_planks":21,"minecraft:cooked_porkchop":10,"minecraft:sweet_berries":2,"minecraft:poisonous_potato":3,"minecraft:blast_furnace":1,"minecraft:white_bed":7,"minecraft:spruce_log":7,"minecraft:barrel":3,"minecraft:spider_eye":1,"minecraft:iron_hoe":1,"minecraft:emerald":7,"minecraft:oak_sapling":8,"minecraft:black_wool":2,"minecraft:coal":155,"minecraft:sunflower":14},"minecraft:crafted":{"minecraft:oak_planks":92,"minecraft:fishing_rod":2,"minecraft:tripwire_hook":2,"minecraft:furnace":3,"minecraft:bone_meal":6,"minecraft:lever":1,"minecraft:oak_trapdoor":2,"minecraft:iron_boots":1,"minecraft:iron_axe":1,"minecraft:iron_hoe":1,"minecraft:stone_pickaxe":1,"minecraft:chest":2,"minecraft:wheat":81,"minecraft:cooked_beef":21,"minecraft:emerald":233,"minecraft:cooked_porkchop":15,"minecraft:crafting_table":2,"minecraft:spruce_planks":28,"minecraft:wooden_pickaxe":1,"minecraft:iron_helmet":1,"minecraft:iron_sword":1,"minecraft:bucket":1,"minecraft:air":0,"minecraft:oak_boat":1,"minecraft:white_wool":16,"minecraft:iron_chestplate":1,"minecraft:shield":1,"minecraft:stick":20,"minecraft:iron_ingot":49,"minecraft:iron_pickaxe":1,"minecraft:stone_sword":1,"minecraft:iron_shovel":3,"minecraft:iron_leggings":1,"minecraft:white_bed":4,"minecraft:shears":1},"minecraft:killed":{"minecraft:spider":1,"minecraft:skeleton":8,"minecraft:pig":11,"minecraft:iron_golem":1,"minecraft:sheep":3,"minecraft:zombie":19,"minecraft:cow":11}},"DataVersion":3953}