{"stats":{"minecraft:used":{"minecraft:dirt":1,"minecraft:sweet_berries":2},"minecraft:mined":{"minecraft:short_grass":3,"minecraft:sweet_berry_bush":2,"minecraft:grass_block":1,"minecraft:spruce_leaves":1,"minecraft:oak_leaves":1,"minecraft:fern":3},"minecraft:custom":{"minecraft:jump":112,"minecraft:damage_dealt":30,"minecraft:time_since_rest":4807,"minecraft:leave_game":3,"minecraft:play_time":4807,"minecraft:crouch_one_cm":1820,"minecraft:sprint_one_cm":17661,"minecraft:time_since_death":4807,"minecraft:walk_one_cm":9572,"minecraft:sneak_time":584,"minecraft:total_world_time":4807,"minecraft:fly_one_cm":20566,"minecraft:fall_one_cm":1734},"minecraft:picked_up":{"minecraft:sweet_berries":2,"minecraft:dirt":1}},"DataVersion":3953}