{"stats":{"minecraft:used":{"minecraft:oak_trapdoor":6,"minecraft:stone_sword":29,"minecraft:iron_shovel":306,"minecraft:shield":11,"minecraft:iron_sword":102,"minecraft:dirt":181,"minecraft:carrot":6,"minecraft:iron_axe":56,"minecraft:tripwire_hook":3,"minecraft:sweet_berries":2,"minecraft:furnace":5,"minecraft:cooked_beef":12,"minecraft:potato":16,"minecraft:cobbled_deepslate":2,"minecraft:powder_snow_bucket":4,"minecraft:water_bucket":134,"minecraft:stone_pickaxe":63,"minecraft:wooden_pickaxe":6,"minecraft:crafting_table":6,"minecraft:white_bed":7,"minecraft:shears":3,"minecraft:lever":1,"minecraft:string":3,"minecraft:iron_pickaxe":208,"minecraft:cobblestone":46,"minecraft:cooked_porkchop":15,"minecraft:andesite":13,"minecraft:bucket":138,"minecraft:yellow_bed":1,"minecraft:oak_boat":1,"minecraft:bone_meal":3},"minecraft:picked_up":{"minecraft:crafting_table":4,"minecraft:wooden_pickaxe":1,"minecraft:oak_stairs":18,"minecraft:shield":1,"minecraft:string":67,"minecraft:oak_trapdoor":4,"minecraft:cobbled_deepslate":4,"minecraft:beef":21,"minecraft:oak_boat":1,"minecraft:iron_pickaxe":1,"minecraft:egg":1,"minecraft:furnace":5,"minecraft:raw_iron":65,"minecraft:stick":1,"minecraft:composter":1,"minecraft:porkchop":26,"minecraft:diorite":2,"minecraft:carrot":6,"minecraft:rotten_flesh":12,"minecraft:stone_sword":2,"minecraft:arrow":4,"minecraft:beetroot_seeds":2,"minecraft:peony":11,"minecraft:hay_block":9,"minecraft:mutton":12,"minecraft:cobblestone":99,"minecraft:white_wool":5,"minecraft:tripwire_hook":1,"minecraft:andesite":26,"minecraft:leather":11,"minecraft:potato":13,"minecraft:oak_log":44,"minecraft:yellow_bed":2,"minecraft:dirt":291,"minecraft:bone":14,"minecraft:wheat_seeds":22,"minecraft:orange_tulip":1,"minecraft:raw_gold":11,"minecraft:iron_ingot":12,"minecraft:oak_planks":21,"minecraft:cooked_porkchop":10,"minecraft:sweet_berries":2,"minecraft:poisonous_potato":1,"minecraft:blast_furnace":1,"minecraft:white_bed":3,"minecraft:spruce_log":7,"minecraft:spider_eye":1,"minecraft:emerald":7,"minecraft:coal":155,"minecraft:oak_sapling":6,"minecraft:black_wool":2,"minecraft:sunflower":14},"minecraft:dropped":{"minecraft:wheat_seeds":22,"minecraft:poisonous_potato":1,"minecraft:orange_tulip":1,"minecraft:cobblestone":8,"minecraft:dirt":1,"minecraft:diorite":1,"minecraft:sunflower":14,"minecraft:white_wool":1,"minecraft:stone_sword":1,"minecraft:cobbled_deepslate":2,"minecraft:rotten_flesh":12,"minecraft:oak_planks":2,"minecraft:peony":11,"minecraft:beetroot_seeds":2,"minecraft:spider_eye":1,"minecraft:arrow":2,"minecraft:stone_pickaxe":1,"minecraft:wooden_pickaxe":1,"minecraft:black_wool":1,"minecraft:egg":1},"minecraft:killed":{"minecraft:spider":1,"minecraft:skeleton":7,"minecraft:pig":11,"minecraft:iron_golem":1,"minecraft:sheep":3,"minecraft:zombie":14,"minecraft:cow":11},"minecraft:custom":{"minecraft:mob_kills":48,"minecraft:interact_with_crafting_table":28,"minecraft:leave_game":5,"minecraft:time_since_death":94925,"minecraft:sprint_one_cm":273141,"minecraft:walk_one_cm":248099,"minecraft:damage_blocked_by_shield":626,"minecraft:drop":26,"minecraft:play_time":111781,"minecraft:deaths":1,"minecraft:sneak_time":11309,"minecraft:walk_under_water_one_cm":20620,"minecraft:boat_one_cm":14618,"minecraft:jump":3124,"minecraft:walk_on_water_one_cm":47197,"minecraft:total_world_time":111781,"minecraft:interact_with_furnace":49,"minecraft:sleep_in_bed":3,"minecraft:time_since_rest":35595,"minecraft:damage_taken":2327,"minecraft:damage_dealt":7952,"minecraft:swim_one_cm":31097,"minecraft:fly_one_cm":461374,"minecraft:open_chest":1,"minecraft:crouch_one_cm":40479,"minecraft:fall_one_cm":95558},"minecraft:mined":{"minecraft:white_bed":3,"minecraft:grass_block":179,"minecraft:spruce_leaves":1,"minecraft:composter":1,"minecraft:hay_block":9,"minecraft:oak_trapdoor":7,"minecraft:furnace":5,"minecraft:carrots":6,"minecraft:iron_ore":58,"minecraft:andesite":13,"minecraft:peony":6,"minecraft:potatoes":6,"minecraft:deepslate_iron_ore":5,"minecraft:dirt_path":6,"minecraft:oak_stairs":17,"minecraft:stone":62,"minecraft:tripwire":1,"minecraft:powder_snow":2,"minecraft:crafting_table":4,"minecraft:short_grass":49,"minecraft:blast_furnace":1,"minecraft:emerald_ore":7,"minecraft:tall_grass":1,"minecraft:cobblestone":19,"minecraft:deepslate_gold_ore":2,"minecraft:oak_planks":19,"minecraft:diorite":1,"minecraft:wheat":15,"minecraft:sweet_berry_bush":2,"minecraft:ice":2,"minecraft:spruce_log":7,"minecraft:yellow_bed":2,"minecraft:oak_log":19,"minecraft:coal_ore":59,"minecraft:beetroots":2,"minecraft:sunflower":11,"minecraft:dirt":187,"minecraft:tripwire_hook":1,"minecraft:gold_ore":9,"minecraft:oak_leaves":6,"minecraft:deepslate":4,"minecraft:fern":7},"minecraft:killed_by":{"minecraft:enderman":1},"minecraft:crafted":{"minecraft:oak_planks":92,"minecraft:tripwire_hook":2,"minecraft:furnace":3,"minecraft:lever":1,"minecraft:bone_meal":3,"minecraft:oak_trapdoor":2,"minecraft:iron_boots":1,"minecraft:iron_axe":1,"minecraft:iron_hoe":1,"minecraft:stone_pickaxe":1,"minecraft:wheat":81,"minecraft:cooked_beef":21,"minecraft:cooked_porkchop":15,"minecraft:crafting_table":2,"minecraft:spruce_planks":28,"minecraft:wooden_pickaxe":1,"minecraft:iron_helmet":1,"minecraft:iron_sword":1,"minecraft:bucket":1,"minecraft:air":0,"minecraft:oak_boat":1,"minecraft:white_wool":16,"minecraft:iron_chestplate":1,"minecraft:shield":1,"minecraft:stick":20,"minecraft:iron_ingot":49,"minecraft:iron_pickaxe":1,"minecraft:stone_sword":1,"minecraft:iron_shovel":2,"minecraft:iron_leggings":1,"minecraft:white_bed":4,"minecraft:shears":1},"minecraft:broken":{"minecraft:iron_shovel":1}},"DataVersion":3953}