{"stats":{"minecraft:used":{"minecraft:dirt":1,"minecraft:cobblestone":7,"minecraft:sweet_berries":2,"minecraft:crafting_table":1,"minecraft:stone_pickaxe":28,"minecraft:wooden_pickaxe":3},"minecraft:picked_up":{"minecraft:raw_iron":10,"minecraft:sweet_berries":2,"minecraft:porkchop":5,"minecraft:spruce_log":7,"minecraft:oak_sapling":1,"minecraft:coal":5,"minecraft:dirt":1,"minecraft:cobblestone":16},"minecraft:killed":{"minecraft:pig":2},"minecraft:custom":{"minecraft:time_since_rest":9906,"minecraft:crouch_one_cm":5594,"minecraft:sprint_one_cm":39061,"minecraft:play_time":9906,"minecraft:damage_taken":20,"minecraft:walk_one_cm":23947,"minecraft:sneak_time":1607,"minecraft:mob_kills":2,"minecraft:jump":243,"minecraft:damage_dealt":240,"minecraft:leave_game":3,"minecraft:time_since_death":9906,"minecraft:total_world_time":9906,"minecraft:interact_with_crafting_table":2,"minecraft:fall_one_cm":4888,"minecraft:fly_one_cm":40533},"minecraft:mined":{"minecraft:short_grass":4,"minecraft:grass_block":1,"minecraft:coal_ore":5,"minecraft:iron_ore":10,"minecraft:sweet_berry_bush":2,"minecraft:spruce_leaves":1,"minecraft:spruce_log":7,"minecraft:stone":16,"minecraft:oak_leaves":1,"minecraft:fern":7},"minecraft:crafted":{"minecraft:crafting_table":1,"minecraft:spruce_planks":28,"minecraft:stick":8,"minecraft:stone_pickaxe":1,"minecraft:wooden_pickaxe":1}},"DataVersion":3953}