{"stats":{"minecraft:killed_by":{"minecraft:enderman":1},"minecraft:dropped":{"minecraft:iron_sword":3,"minecraft:wheat_seeds":25,"minecraft:cooked_porkchop":21,"minecraft:poisonous_potato":3,"minecraft:orange_tulip":1,"minecraft:cobblestone":20,"minecraft:grass_block":1,"minecraft:stick":1,"minecraft:emerald":12,"minecraft:dirt":138,"minecraft:diorite":1,"minecraft:oak_stairs":19,"minecraft:chain":1,"minecraft:sunflower":14,"minecraft:string":736,"minecraft:white_wool":1,"minecraft:stone_sword":2,"minecraft:cobbled_deepslate":2,"minecraft:rotten_flesh":19,"minecraft:iron_boots":14,"minecraft:clay_ball":4,"minecraft:oak_planks":2,"minecraft:iron_hoe":1,"minecraft:salmon":2,"minecraft:carrot":31,"minecraft:poppy":2,"minecraft:potato":76,"minecraft:peony":11,"minecraft:iron_chestplate":14,"minecraft:beetroot_seeds":2,"minecraft:oak_sapling":12,"minecraft:spider_eye":1,"minecraft:arrow":3,"minecraft:wooden_pickaxe":1,"minecraft:stone_pickaxe":1,"minecraft:black_wool":1,"minecraft:egg":1},"minecraft:broken":{"minecraft:iron_shovel":3},"minecraft:used":{"minecraft:oak_trapdoor":6,"minecraft:cherry_sapling":4,"minecraft:stone_sword":29,"minecraft:iron_shovel":759,"minecraft:chest":2,"minecraft:shield":11,"minecraft:iron_sword":153,"minecraft:dirt":453,"minecraft:carrot":31,"minecraft:iron_hoe":110,"minecraft:iron_axe":67,"minecraft:barrel":3,"minecraft:tripwire_hook":3,"minecraft:sweet_berries":2,"minecraft:furnace":8,"minecraft:cooked_beef":21,"minecraft:potato":140,"minecraft:cobbled_deepslate":2,"minecraft:powder_snow_bucket":4,"minecraft:water_bucket":159,"minecraft:stone_pickaxe":63,"minecraft:wooden_pickaxe":6,"minecraft:sugar_cane":8,"minecraft:crafting_table":6,"minecraft:blast_furnace":1,"minecraft:white_bed":11,"minecraft:shears":3,"minecraft:lever":1,"minecraft:string":3,"minecraft:iron_pickaxe":230,"minecraft:fishing_rod":13,"minecraft:cobblestone":46,"minecraft:cooked_porkchop":21,"minecraft:andesite":13,"minecraft:bucket":164,"minecraft:yellow_bed":1,"minecraft:oak_boat":1,"minecraft:bone_meal":9},"minecraft:custom":{"minecraft:mob_kills":60,"minecraft:inspect_hopper":19,"minecraft:interact_with_crafting_table":31,"minecraft:open_barrel":10,"minecraft:leave_game":7,"minecraft:time_since_death":224895,"minecraft:sprint_one_cm":570036,"minecraft:walk_one_cm":535887,"minecraft:damage_blocked_by_shield":626,"minecraft:drop":115,"minecraft:talked_to_villager":78,"minecraft:play_time":241751,"minecraft:sneak_time":18102,"minecraft:deaths":1,"minecraft:walk_under_water_one_cm":21003,"minecraft:boat_one_cm":14618,"minecraft:jump":5171,"minecraft:walk_on_water_one_cm":51195,"minecraft:total_world_time":241751,"minecraft:interact_with_furnace":72,"minecraft:traded_with_villager":562,"minecraft:interact_with_cartography_table":1,"minecraft:sleep_in_bed":10,"minecraft:time_since_rest":6604,"minecraft:damage_taken":3280,"minecraft:damage_dealt":11083,"minecraft:swim_one_cm":31097,"minecraft:fly_one_cm":901571,"minecraft:open_chest":69,"minecraft:crouch_one_cm":74123,"minecraft:fish_caught":10,"minecraft:fall_one_cm":164803},"minecraft:mined":{"minecraft:white_bed":7,"minecraft:farmland":2,"minecraft:cobblestone_stairs":1,"minecraft:grass_block":413,"minecraft:spruce_leaves":1,"minecraft:composter":1,"minecraft:hay_block":9,"minecraft:oak_trapdoor":8,"minecraft:furnace":5,"minecraft:carrots":21,"minecraft:iron_ore":58,"minecraft:barrel":3,"minecraft:andesite":13,"minecraft:peony":7,"minecraft:potatoes":64,"minecraft:deepslate_iron_ore":5,"minecraft:dirt_path":79,"minecraft:oak_stairs":17,"minecraft:stone":68,"minecraft:white_tulip":2,"minecraft:tripwire":1,"minecraft:powder_snow":2,"minecraft:oak_fence":1,"minecraft:clay":1,"minecraft:crafting_table":4,"minecraft:short_grass":116,"minecraft:blast_furnace":1,"minecraft:emerald_ore":7,"minecraft:tall_grass":3,"minecraft:cobblestone":24,"minecraft:deepslate_gold_ore":2,"minecraft:sugar_cane":8,"minecraft:oak_planks":19,"minecraft:diorite":1,"minecraft:amethyst_block":10,"minecraft:wheat":15,"minecraft:sweet_berry_bush":2,"minecraft:ice":2,"minecraft:spruce_log":7,"minecraft:yellow_bed":2,"minecraft:oak_log":25,"minecraft:coal_ore":59,"minecraft:beetroots":2,"minecraft:sunflower":11,"minecraft:dirt":432,"minecraft:tripwire_hook":1,"minecraft:gold_ore":9,"minecraft:oak_leaves":6,"minecraft:deepslate":4,"minecraft:fern":7},"minecraft:picked_up":{"minecraft:iron_chestplate":2,"minecraft:crafting_table":4,"minecraft:clay_ball":4,"minecraft:wooden_pickaxe":1,"minecraft:oak_stairs":38,"minecraft:chain":1,"minecraft:shield":1,"minecraft:oak_trapdoor":4,"minecraft:string":3362,"minecraft:cobbled_deepslate":4,"minecraft:beef":21,"minecraft:oak_boat":1,"minecraft:poppy":2,"minecraft:iron_pickaxe":1,"minecraft:sugar_cane":8,"minecraft:iron_boots":1,"minecraft:furnace":5,"minecraft:egg":1,"minecraft:stick":4,"minecraft:raw_iron":65,"minecraft:composter":1,"minecraft:porkchop":26,"minecraft:diorite":2,"minecraft:carrot":62,"minecraft:redstone":5,"minecraft:rotten_flesh":19,"minecraft:stone_sword":3,"minecraft:arrow":7,"minecraft:beetroot_seeds":2,"minecraft:peony":11,"minecraft:hay_block":9,"minecraft:mutton":12,"minecraft:cod":8,"minecraft:cobblestone":121,"minecraft:white_wool":5,"minecraft:tripwire_hook":1,"minecraft:salmon":2,"minecraft:andesite":26,"minecraft:leather":11,"minecraft:potato":239,"minecraft:oak_log":50,"minecraft:yellow_bed":2,"minecraft:dirt":659,"minecraft:bone":16,"minecraft:wheat_seeds":25,"minecraft:orange_tulip":1,"minecraft:raw_gold":11,"minecraft:iron_ingot":17,"minecraft:iron_sword":3,"minecraft:oak_planks":21,"minecraft:cooked_porkchop":31,"minecraft:sweet_berries":2,"minecraft:poisonous_potato":3,"minecraft:blast_furnace":1,"minecraft:grass_block":1,"minecraft:white_bed":7,"minecraft:spruce_log":7,"minecraft:barrel":3,"minecraft:spider_eye":1,"minecraft:iron_hoe":1,"minecraft:cherry_sapling":4,"minecraft:emerald":16,"minecraft:oak_sapling":20,"minecraft:black_wool":2,"minecraft:coal":155,"minecraft:sunflower":14},"minecraft:crafted":{"minecraft:oak_planks":92,"minecraft:fishing_rod":2,"minecraft:tripwire_hook":2,"minecraft:furnace":3,"minecraft:bone_meal":9,"minecraft:lever":1,"minecraft:oak_trapdoor":2,"minecraft:iron_boots":41,"minecraft:iron_axe":1,"minecraft:iron_hoe":1,"minecraft:stone_pickaxe":1,"minecraft:chest":2,"minecraft:wheat":81,"minecraft:cooked_beef":21,"minecraft:emerald":508,"minecraft:cooked_porkchop":26,"minecraft:crafting_table":2,"minecraft:spruce_planks":28,"minecraft:baked_potato":18,"minecraft:wooden_pickaxe":1,"minecraft:iron_helmet":1,"minecraft:iron_sword":1,"minecraft:bucket":1,"minecraft:air":0,"minecraft:oak_boat":1,"minecraft:white_wool":16,"minecraft:iron_chestplate":13,"minecraft:shield":1,"minecraft:stick":20,"minecraft:iron_ingot":49,"minecraft:iron_pickaxe":1,"minecraft:stone_sword":1,"minecraft:iron_shovel":3,"minecraft:iron_leggings":1,"minecraft:white_bed":4,"minecraft:shears":1},"minecraft:killed":{"minecraft:spider":3,"minecraft:skeleton":9,"minecraft:pig":11,"minecraft:iron_golem":2,"minecraft:sheep":3,"minecraft:zombie":20,"minecraft:enderman":1,"minecraft:cow":11}},"DataVersion":3953}