{"stats":{"minecraft:used":{"minecraft:water_bucket":72,"minecraft:stone_sword":29,"minecraft:iron_shovel":252,"minecraft:stone_pickaxe":63,"minecraft:wooden_pickaxe":6,"minecraft:shield":11,"minecraft:iron_sword":87,"minecraft:dirt":112,"minecraft:crafting_table":4,"minecraft:carrot":6,"minecraft:white_bed":2,"minecraft:iron_pickaxe":179,"minecraft:cobblestone":11,"minecraft:sweet_berries":2,"minecraft:furnace":5,"minecraft:cooked_porkchop":15,"minecraft:bucket":77,"minecraft:andesite":13,"minecraft:bone_meal":3,"minecraft:potato":8,"minecraft:oak_boat":1,"minecraft:cooked_beef":7,"minecraft:cobbled_deepslate":2,"minecraft:powder_snow_bucket":4},"minecraft:picked_up":{"minecraft:crafting_table":3,"minecraft:andesite":26,"minecraft:leather":11,"minecraft:wooden_pickaxe":1,"minecraft:potato":8,"minecraft:oak_log":20,"minecraft:shield":1,"minecraft:dirt":215,"minecraft:bone":14,"minecraft:wheat_seeds":19,"minecraft:cobbled_deepslate":4,"minecraft:raw_gold":11,"minecraft:beef":21,"minecraft:iron_ingot":7,"minecraft:oak_boat":1,"minecraft:iron_pickaxe":1,"minecraft:oak_planks":1,"minecraft:egg":1,"minecraft:furnace":5,"minecraft:raw_iron":65,"minecraft:stick":1,"minecraft:cooked_porkchop":10,"minecraft:sweet_berries":2,"minecraft:poisonous_potato":1,"minecraft:porkchop":26,"minecraft:blast_furnace":1,"minecraft:carrot":6,"minecraft:diorite":2,"minecraft:white_bed":2,"minecraft:spruce_log":7,"minecraft:stone_sword":2,"minecraft:arrow":4,"minecraft:rotten_flesh":12,"minecraft:peony":11,"minecraft:beetroot_seeds":2,"minecraft:emerald":3,"minecraft:oak_sapling":4,"minecraft:black_wool":2,"minecraft:mutton":11,"minecraft:coal":155,"minecraft:white_wool":4,"minecraft:cobblestone":71,"minecraft:sunflower":3},"minecraft:dropped":{"minecraft:wheat_seeds":19,"minecraft:stone_sword":1,"minecraft:cobbled_deepslate":2,"minecraft:poisonous_potato":1,"minecraft:peony":9,"minecraft:diorite":1,"minecraft:beetroot_seeds":2,"minecraft:sunflower":3,"minecraft:arrow":2,"minecraft:wooden_pickaxe":1,"minecraft:stone_pickaxe":1,"minecraft:white_wool":1,"minecraft:black_wool":1,"minecraft:egg":1},"minecraft:killed":{"minecraft:pig":11,"minecraft:spider":1,"minecraft:sheep":2,"minecraft:skeleton":7,"minecraft:zombie":13,"minecraft:cow":11},"minecraft:custom":{"minecraft:interact_with_furnace":48,"minecraft:mob_kills":45,"minecraft:interact_with_crafting_table":20,"minecraft:leave_game":3,"minecraft:time_since_death":59050,"minecraft:sleep_in_bed":2,"minecraft:time_since_rest":38730,"minecraft:sprint_one_cm":189518,"minecraft:damage_taken":2042,"minecraft:walk_one_cm":170683,"minecraft:damage_blocked_by_shield":626,"minecraft:drop":14,"minecraft:damage_dealt":6663,"minecraft:swim_one_cm":29422,"minecraft:fly_one_cm":311709,"minecraft:crouch_one_cm":25258,"minecraft:sneak_time":7343,"minecraft:play_time":75906,"minecraft:deaths":1,"minecraft:walk_under_water_one_cm":12410,"minecraft:boat_one_cm":14618,"minecraft:jump":2175,"minecraft:walk_on_water_one_cm":24407,"minecraft:total_world_time":75906,"minecraft:fall_one_cm":64347},"minecraft:mined":{"minecraft:white_bed":2,"minecraft:powder_snow":2,"minecraft:crafting_table":3,"minecraft:short_grass":27,"minecraft:blast_furnace":1,"minecraft:emerald_ore":3,"minecraft:grass_block":118,"minecraft:cobblestone":3,"minecraft:tall_grass":1,"minecraft:spruce_leaves":1,"minecraft:deepslate_gold_ore":2,"minecraft:oak_planks":1,"minecraft:diorite":1,"minecraft:furnace":5,"minecraft:carrots":6,"minecraft:wheat":15,"minecraft:iron_ore":58,"minecraft:sweet_berry_bush":2,"minecraft:ice":2,"minecraft:spruce_log":7,"minecraft:andesite":13,"minecraft:peony":6,"minecraft:dirt_path":3,"minecraft:potatoes":5,"minecraft:beetroots":2,"minecraft:coal_ore":59,"minecraft:deepslate_iron_ore":5,"minecraft:dirt":174,"minecraft:stone":58,"minecraft:gold_ore":9,"minecraft:oak_leaves":2,"minecraft:deepslate":4,"minecraft:fern":7},"minecraft:killed_by":{"minecraft:enderman":1},"minecraft:crafted":{"minecraft:cooked_beef":21,"minecraft:oak_planks":16,"minecraft:cooked_porkchop":15,"minecraft:crafting_table":2,"minecraft:spruce_planks":28,"minecraft:wooden_pickaxe":1,"minecraft:iron_helmet":1,"minecraft:iron_sword":1,"minecraft:furnace":3,"minecraft:bone_meal":3,"minecraft:bucket":1,"minecraft:air":0,"minecraft:oak_boat":1,"minecraft:iron_boots":1,"minecraft:iron_chestplate":1,"minecraft:shield":1,"minecraft:stick":16,"minecraft:iron_ingot":49,"minecraft:iron_pickaxe":1,"minecraft:stone_pickaxe":1,"minecraft:stone_sword":1,"minecraft:iron_shovel":1,"minecraft:iron_leggings":1,"minecraft:white_bed":1}},"DataVersion":3953}