{"stats":{"minecraft:used":{"minecraft:water_bucket":56,"minecraft:stone_sword":29,"minecraft:stone_pickaxe":63,"minecraft:wooden_pickaxe":3,"minecraft:shield":11,"minecraft:iron_sword":47,"minecraft:dirt":1,"minecraft:crafting_table":3,"minecraft:white_bed":2,"minecraft:iron_pickaxe":163,"minecraft:cobblestone":7,"minecraft:sweet_berries":2,"minecraft:furnace":3,"minecraft:cooked_porkchop":15,"minecraft:bucket":60,"minecraft:andesite":13,"minecraft:oak_boat":1,"minecraft:cobbled_deepslate":2,"minecraft:powder_snow_bucket":4},"minecraft:picked_up":{"minecraft:crafting_table":3,"minecraft:andesite":26,"minecraft:leather":11,"minecraft:wooden_pickaxe":1,"minecraft:oak_log":20,"minecraft:shield":1,"minecraft:dirt":22,"minecraft:bone":13,"minecraft:wheat_seeds":3,"minecraft:cobbled_deepslate":4,"minecraft:raw_gold":11,"minecraft:beef":21,"minecraft:iron_ingot":7,"minecraft:oak_boat":1,"minecraft:iron_pickaxe":1,"minecraft:egg":1,"minecraft:furnace":3,"minecraft:raw_iron":64,"minecraft:stick":1,"minecraft:cooked_porkchop":10,"minecraft:sweet_berries":2,"minecraft:porkchop":26,"minecraft:diorite":2,"minecraft:white_bed":2,"minecraft:spruce_log":7,"minecraft:stone_sword":2,"minecraft:arrow":4,"minecraft:rotten_flesh":4,"minecraft:emerald":2,"minecraft:oak_sapling":4,"minecraft:black_wool":2,"minecraft:mutton":10,"minecraft:coal":111,"minecraft:white_wool":3,"minecraft:cobblestone":61},"minecraft:dropped":{"minecraft:stone_sword":1,"minecraft:diorite":1,"minecraft:stone_pickaxe":1},"minecraft:killed":{"minecraft:pig":11,"minecraft:spider":1,"minecraft:sheep":1,"minecraft:skeleton":6,"minecraft:zombie":3,"minecraft:cow":11},"minecraft:custom":{"minecraft:interact_with_furnace":35,"minecraft:mob_kills":33,"minecraft:interact_with_crafting_table":19,"minecraft:leave_game":3,"minecraft:time_since_death":35050,"minecraft:sleep_in_bed":2,"minecraft:time_since_rest":14730,"minecraft:sprint_one_cm":145971,"minecraft:damage_taken":1611,"minecraft:walk_one_cm":122807,"minecraft:damage_blocked_by_shield":626,"minecraft:drop":3,"minecraft:damage_dealt":4449,"minecraft:swim_one_cm":28681,"minecraft:fly_one_cm":246108,"minecraft:crouch_one_cm":12346,"minecraft:sneak_time":4085,"minecraft:play_time":51906,"minecraft:deaths":1,"minecraft:walk_under_water_one_cm":11864,"minecraft:boat_one_cm":14618,"minecraft:jump":1769,"minecraft:walk_on_water_one_cm":8805,"minecraft:total_world_time":51906,"minecraft:fall_one_cm":49442},"minecraft:mined":{"minecraft:white_bed":2,"minecraft:crafting_table":3,"minecraft:short_grass":16,"minecraft:emerald_ore":2,"minecraft:grass_block":4,"minecraft:tall_grass":1,"minecraft:spruce_leaves":1,"minecraft:deepslate_gold_ore":2,"minecraft:diorite":1,"minecraft:furnace":3,"minecraft:iron_ore":57,"minecraft:sweet_berry_bush":2,"minecraft:ice":1,"minecraft:spruce_log":7,"minecraft:andesite":13,"minecraft:coal_ore":59,"minecraft:deepslate_iron_ore":5,"minecraft:stone":51,"minecraft:gold_ore":9,"minecraft:oak_leaves":2,"minecraft:deepslate":4,"minecraft:fern":7},"minecraft:killed_by":{"minecraft:enderman":1},"minecraft:crafted":{"minecraft:oak_planks":16,"minecraft:cooked_porkchop":15,"minecraft:crafting_table":2,"minecraft:spruce_planks":28,"minecraft:wooden_pickaxe":1,"minecraft:iron_helmet":1,"minecraft:iron_sword":1,"minecraft:furnace":3,"minecraft:bucket":1,"minecraft:air":0,"minecraft:oak_boat":1,"minecraft:iron_boots":1,"minecraft:iron_chestplate":1,"minecraft:shield":1,"minecraft:stick":16,"minecraft:iron_ingot":49,"minecraft:iron_pickaxe":1,"minecraft:stone_pickaxe":1,"minecraft:stone_sword":1,"minecraft:iron_leggings":1,"minecraft:white_bed":1}},"DataVersion":3953}