{"stats":{"minecraft:used":{"minecraft:water_bucket":67,"minecraft:stone_sword":29,"minecraft:iron_shovel":51,"minecraft:stone_pickaxe":63,"minecraft:wooden_pickaxe":6,"minecraft:shield":11,"minecraft:iron_sword":83,"minecraft:dirt":39,"minecraft:crafting_table":4,"minecraft:carrot":6,"minecraft:white_bed":2,"minecraft:iron_pickaxe":177,"minecraft:cobblestone":11,"minecraft:sweet_berries":2,"minecraft:furnace":5,"minecraft:cooked_porkchop":15,"minecraft:bucket":71,"minecraft:andesite":13,"minecraft:potato":4,"minecraft:oak_boat":1,"minecraft:cooked_beef":5,"minecraft:cobbled_deepslate":2,"minecraft:powder_snow_bucket":4},"minecraft:picked_up":{"minecraft:crafting_table":3,"minecraft:andesite":26,"minecraft:leather":11,"minecraft:wooden_pickaxe":1,"minecraft:potato":4,"minecraft:oak_log":20,"minecraft:shield":1,"minecraft:dirt":99,"minecraft:bone":14,"minecraft:wheat_seeds":18,"minecraft:cobbled_deepslate":4,"minecraft:raw_gold":11,"minecraft:beef":21,"minecraft:iron_ingot":7,"minecraft:oak_boat":1,"minecraft:iron_pickaxe":1,"minecraft:oak_planks":1,"minecraft:egg":1,"minecraft:furnace":5,"minecraft:raw_iron":65,"minecraft:stick":1,"minecraft:cooked_porkchop":10,"minecraft:sweet_berries":2,"minecraft:porkchop":26,"minecraft:blast_furnace":1,"minecraft:carrot":6,"minecraft:diorite":2,"minecraft:white_bed":2,"minecraft:spruce_log":7,"minecraft:stone_sword":2,"minecraft:arrow":4,"minecraft:rotten_flesh":10,"minecraft:beetroot_seeds":2,"minecraft:emerald":3,"minecraft:oak_sapling":4,"minecraft:black_wool":2,"minecraft:mutton":11,"minecraft:coal":155,"minecraft:white_wool":4,"minecraft:cobblestone":69,"minecraft:sunflower":3},"minecraft:dropped":{"minecraft:stone_sword":1,"minecraft:diorite":1,"minecraft:stone_pickaxe":1},"minecraft:killed":{"minecraft:pig":11,"minecraft:spider":1,"minecraft:sheep":2,"minecraft:skeleton":7,"minecraft:zombie":12,"minecraft:cow":11},"minecraft:custom":{"minecraft:interact_with_furnace":48,"minecraft:mob_kills":44,"minecraft:interact_with_crafting_table":20,"minecraft:leave_game":3,"minecraft:time_since_death":47050,"minecraft:sleep_in_bed":2,"minecraft:time_since_rest":26730,"minecraft:sprint_one_cm":166934,"minecraft:damage_taken":1998,"minecraft:walk_one_cm":153936,"minecraft:damage_blocked_by_shield":626,"minecraft:drop":3,"minecraft:damage_dealt":6473,"minecraft:swim_one_cm":29422,"minecraft:fly_one_cm":270078,"minecraft:crouch_one_cm":14869,"minecraft:sneak_time":5032,"minecraft:play_time":63906,"minecraft:deaths":1,"minecraft:walk_under_water_one_cm":12208,"minecraft:boat_one_cm":14618,"minecraft:jump":1973,"minecraft:walk_on_water_one_cm":17049,"minecraft:total_world_time":63906,"minecraft:fall_one_cm":57874},"minecraft:mined":{"minecraft:white_bed":2,"minecraft:powder_snow":2,"minecraft:crafting_table":3,"minecraft:short_grass":19,"minecraft:blast_furnace":1,"minecraft:emerald_ore":3,"minecraft:grass_block":29,"minecraft:cobblestone":1,"minecraft:tall_grass":1,"minecraft:spruce_leaves":1,"minecraft:deepslate_gold_ore":2,"minecraft:oak_planks":1,"minecraft:diorite":1,"minecraft:furnace":5,"minecraft:carrots":6,"minecraft:wheat":15,"minecraft:iron_ore":58,"minecraft:sweet_berry_bush":2,"minecraft:ice":2,"minecraft:spruce_log":7,"minecraft:andesite":13,"minecraft:peony":1,"minecraft:dirt_path":2,"minecraft:potatoes":4,"minecraft:beetroots":2,"minecraft:coal_ore":59,"minecraft:deepslate_iron_ore":5,"minecraft:dirt":60,"minecraft:stone":58,"minecraft:gold_ore":9,"minecraft:oak_leaves":2,"minecraft:deepslate":4,"minecraft:fern":7},"minecraft:killed_by":{"minecraft:enderman":1},"minecraft:crafted":{"minecraft:cooked_beef":21,"minecraft:oak_planks":16,"minecraft:cooked_porkchop":15,"minecraft:crafting_table":2,"minecraft:spruce_planks":28,"minecraft:wooden_pickaxe":1,"minecraft:iron_helmet":1,"minecraft:iron_sword":1,"minecraft:furnace":3,"minecraft:bucket":1,"minecraft:air":0,"minecraft:oak_boat":1,"minecraft:iron_boots":1,"minecraft:iron_chestplate":1,"minecraft:shield":1,"minecraft:stick":16,"minecraft:iron_ingot":49,"minecraft:iron_pickaxe":1,"minecraft:stone_pickaxe":1,"minecraft:stone_sword":1,"minecraft:iron_shovel":1,"minecraft:iron_leggings":1,"minecraft:white_bed":1}},"DataVersion":3953}