{"stats":{"minecraft:killed_by":{"minecraft:enderman":1},"minecraft:dropped":{"minecraft:golden_boots":1,"minecraft:iron_sword":3,"minecraft:oak_slab":2,"minecraft:wheat_seeds":30,"minecraft:dripstone_block":1,"minecraft:cooked_porkchop":21,"minecraft:poisonous_potato":5,"minecraft:orange_tulip":1,"minecraft:iron_helmet":2,"minecraft:cobblestone":20,"minecraft:granite":5,"minecraft:grass_block":1,"minecraft:chainmail_helmet":8,"minecraft:emerald":12,"minecraft:stick":2,"minecraft:dirt":138,"minecraft:diorite":1,"minecraft:wooden_axe":1,"minecraft:cherry_planks":1,"minecraft:iron_leggings":2,"minecraft:chain":1,"minecraft:oak_stairs":19,"minecraft:sunflower":14,"minecraft:iron_pickaxe":1,"minecraft:string":935,"minecraft:fishing_rod":1,"minecraft:white_wool":1,"minecraft:stone_sword":2,"minecraft:cobbled_deepslate":2,"minecraft:pointed_dripstone":3,"minecraft:rotten_flesh":37,"minecraft:iron_boots":41,"minecraft:clay_ball":4,"minecraft:oak_planks":2,"minecraft:iron_hoe":1,"minecraft:salmon":2,"minecraft:carrot":31,"minecraft:poppy":3,"minecraft:potato":242,"minecraft:peony":11,"minecraft:iron_chestplate":17,"minecraft:beetroot_seeds":2,"minecraft:oak_sapling":12,"minecraft:spider_eye":1,"minecraft:arrow":9,"minecraft:stone_pickaxe":1,"minecraft:wooden_pickaxe":1,"minecraft:black_wool":1,"minecraft:egg":1},"minecraft:broken":{"minecraft:iron_shovel":3,"minecraft:iron_axe":1},"minecraft:used":{"minecraft:oak_trapdoor":10,"minecraft:cherry_sapling":4,"minecraft:stone_sword":29,"minecraft:iron_shovel":759,"minecraft:chest":2,"minecraft:shield":11,"minecraft:iron_sword":258,"minecraft:dirt":524,"minecraft:anvil":1,"minecraft:carrot":31,"minecraft:iron_hoe":118,"minecraft:glass":2,"minecraft:iron_axe":332,"minecraft:barrel":6,"minecraft:tripwire_hook":3,"minecraft:sweet_berries":2,"minecraft:furnace":8,"minecraft:cooked_beef":21,"minecraft:potato":337,"minecraft:cobbled_deepslate":2,"minecraft:powder_snow_bucket":4,"minecraft:water_bucket":270,"minecraft:baked_potato":34,"minecraft:oak_planks":34,"minecraft:stone_pickaxe":63,"minecraft:cartography_table":1,"minecraft:wooden_pickaxe":6,"minecraft:cherry_planks":14,"minecraft:sugar_cane":28,"minecraft:oak_slab":2,"minecraft:crafting_table":6,"minecraft:blast_furnace":2,"minecraft:white_bed":11,"minecraft:shears":3,"minecraft:lever":1,"minecraft:diamond_pickaxe":511,"minecraft:string":3,"minecraft:iron_pickaxe":230,"minecraft:lectern":220,"minecraft:fishing_rod":13,"minecraft:cobblestone":46,"minecraft:cooked_porkchop":24,"minecraft:andesite":13,"minecraft:bucket":275,"minecraft:yellow_bed":1,"minecraft:oak_boat":1,"minecraft:bone_meal":9},"minecraft:custom":{"minecraft:interact_with_anvil":3,"minecraft:mob_kills":92,"minecraft:inspect_hopper":26,"minecraft:interact_with_crafting_table":52,"minecraft:open_barrel":18,"minecraft:leave_game":8,"minecraft:time_since_death":363509,"minecraft:sprint_one_cm":838766,"minecraft:walk_one_cm":812190,"minecraft:damage_blocked_by_shield":626,"minecraft:drop":184,"minecraft:talked_to_villager":361,"minecraft:play_time":380365,"minecraft:sneak_time":29788,"minecraft:deaths":1,"minecraft:walk_under_water_one_cm":44103,"minecraft:boat_one_cm":14618,"minecraft:jump":7999,"minecraft:interact_with_blast_furnace":1,"minecraft:walk_on_water_one_cm":80156,"minecraft:total_world_time":380365,"minecraft:interact_with_furnace":115,"minecraft:traded_with_villager":687,"minecraft:interact_with_cartography_table":2,"minecraft:sleep_in_bed":19,"minecraft:time_since_rest":21660,"minecraft:damage_taken":4835,"minecraft:damage_dealt":17662,"minecraft:swim_one_cm":36814,"minecraft:fly_one_cm":1343048,"minecraft:open_chest":185,"minecraft:crouch_one_cm":122833,"minecraft:fall_one_cm":272684,"minecraft:fish_caught":10},"minecraft:mined":{"minecraft:white_bed":7,"minecraft:farmland":2,"minecraft:cobblestone_stairs":1,"minecraft:granite":5,"minecraft:grass_block":439,"minecraft:spruce_leaves":1,"minecraft:composter":1,"minecraft:cartography_table":1,"minecraft:hay_block":9,"minecraft:oak_trapdoor":9,"minecraft:furnace":5,"minecraft:carrots":21,"minecraft:iron_ore":175,"minecraft:barrel":6,"minecraft:andesite":13,"minecraft:peony":7,"minecraft:potatoes":239,"minecraft:dirt_path":79,"minecraft:deepslate_iron_ore":5,"minecraft:oak_stairs":17,"minecraft:white_tulip":2,"minecraft:stone":121,"minecraft:tripwire":1,"minecraft:cherry_planks":14,"minecraft:powder_snow":2,"minecraft:clay":1,"minecraft:oak_fence":1,"minecraft:crafting_table":4,"minecraft:short_grass":119,"minecraft:blast_furnace":2,"minecraft:emerald_ore":8,"minecraft:lectern":217,"minecraft:tall_grass":9,"minecraft:cobblestone":24,"minecraft:deepslate_gold_ore":2,"minecraft:oak_planks":39,"minecraft:sugar_cane":87,"minecraft:diorite":1,"minecraft:amethyst_block":10,"minecraft:sweet_berry_bush":2,"minecraft:wheat":15,"minecraft:ice":2,"minecraft:spruce_log":7,"minecraft:yellow_bed":2,"minecraft:coal_ore":386,"minecraft:oak_log":25,"minecraft:beetroots":2,"minecraft:dirt":433,"minecraft:sand":6,"minecraft:sunflower":11,"minecraft:dripstone_block":1,"minecraft:tripwire_hook":1,"minecraft:gold_ore":9,"minecraft:deepslate":4,"minecraft:oak_leaves":6,"minecraft:fern":7},"minecraft:picked_up":{"minecraft:fishing_rod":1,"minecraft:iron_chestplate":4,"minecraft:crafting_table":4,"minecraft:clay_ball":4,"minecraft:wooden_pickaxe":1,"minecraft:oak_stairs":38,"minecraft:chain":1,"minecraft:shield":1,"minecraft:string":7321,"minecraft:oak_trapdoor":5,"minecraft:iron_leggings":1,"minecraft:cartography_table":1,"minecraft:cobbled_deepslate":4,"minecraft:beef":32,"minecraft:oak_boat":1,"minecraft:poppy":4,"minecraft:iron_pickaxe":1,"minecraft:lectern":217,"minecraft:sugar_cane":109,"minecraft:furnace":5,"minecraft:iron_boots":27,"minecraft:egg":1,"minecraft:stick":4,"minecraft:raw_iron":182,"minecraft:composter":1,"minecraft:porkchop":26,"minecraft:cherry_log":2,"minecraft:pointed_dripstone":3,"minecraft:diorite":2,"minecraft:carrot":62,"minecraft:redstone":5,"minecraft:stone_sword":3,"minecraft:arrow":13,"minecraft:rotten_flesh":37,"minecraft:beetroot_seeds":2,"minecraft:peony":11,"minecraft:hay_block":9,"minecraft:mutton":12,"minecraft:cod":8,"minecraft:white_wool":5,"minecraft:cobblestone":168,"minecraft:cherry_planks":13,"minecraft:tripwire_hook":1,"minecraft:andesite":26,"minecraft:salmon":2,"minecraft:leather":16,"minecraft:potato":918,"minecraft:oak_log":50,"minecraft:golden_boots":1,"minecraft:yellow_bed":2,"minecraft:gunpowder":3,"minecraft:dirt":719,"minecraft:bone":23,"minecraft:wheat_seeds":30,"minecraft:orange_tulip":1,"minecraft:raw_gold":11,"minecraft:bell":1,"minecraft:iron_ingot":32,"minecraft:iron_sword":3,"minecraft:oak_planks":40,"minecraft:cooked_porkchop":31,"minecraft:sweet_berries":2,"minecraft:poisonous_potato":5,"minecraft:dripstone_block":1,"minecraft:sand":5,"minecraft:blast_furnace":2,"minecraft:white_bed":7,"minecraft:spruce_log":7,"minecraft:grass_block":1,"minecraft:spider_eye":1,"minecraft:barrel":6,"minecraft:iron_hoe":1,"minecraft:iron_helmet":1,"minecraft:granite":5,"minecraft:cherry_sapling":4,"minecraft:chainmail_helmet":8,"minecraft:emerald":17,"minecraft:oak_sapling":20,"minecraft:black_wool":2,"minecraft:coal":482,"minecraft:sunflower":14},"minecraft:crafted":{"minecraft:cherry_planks":56,"minecraft:oak_planks":140,"minecraft:fishing_rod":2,"minecraft:tripwire_hook":2,"minecraft:cherry_slab":6,"minecraft:furnace":3,"minecraft:bone_meal":9,"minecraft:lever":1,"minecraft:bookshelf":3,"minecraft:oak_trapdoor":6,"minecraft:glass":2,"minecraft:diamond_helmet":1,"minecraft:diamond_leggings":1,"minecraft:iron_boots":41,"minecraft:iron_axe":2,"minecraft:iron_hoe":1,"minecraft:spruce_slab":30,"minecraft:stone_pickaxe":1,"minecraft:chest":2,"minecraft:diamond_boots":1,"minecraft:wheat":81,"minecraft:cooked_beef":21,"minecraft:oak_slab":6,"minecraft:emerald":625,"minecraft:cooked_porkchop":26,"minecraft:crafting_table":2,"minecraft:spruce_planks":28,"minecraft:wooden_pickaxe":1,"minecraft:iron_helmet":1,"minecraft:baked_potato":140,"minecraft:iron_sword":1,"minecraft:bucket":1,"minecraft:enchanted_book":3,"minecraft:air":0,"minecraft:oak_boat":1,"minecraft:lectern":3,"minecraft:book":14,"minecraft:white_wool":16,"minecraft:iron_chestplate":13,"minecraft:paper":42,"minecraft:diamond_pickaxe":1,"minecraft:shield":1,"minecraft:stick":24,"minecraft:iron_ingot":87,"minecraft:iron_pickaxe":1,"minecraft:oak_stairs":4,"minecraft:wooden_axe":1,"minecraft:iron_block":3,"minecraft:stone_sword":1,"minecraft:iron_shovel":3,"minecraft:iron_leggings":1,"minecraft:anvil":1,"minecraft:white_bed":4,"minecraft:shears":1,"minecraft:diamond_chestplate":1},"minecraft:killed":{"minecraft:spider":6,"minecraft:skeleton":16,"minecraft:pig":11,"minecraft:iron_golem":4,"minecraft:creeper":2,"minecraft:sheep":3,"minecraft:zombie":30,"minecraft:enderman":1,"minecraft:cow":16}},"DataVersion":3953}