{"stats":{"minecraft:used":{"minecraft:water_bucket":18,"minecraft:stone_sword":29,"minecraft:stone_pickaxe":63,"minecraft:wooden_pickaxe":3,"minecraft:shield":11,"minecraft:iron_sword":3,"minecraft:dirt":1,"minecraft:crafting_table":2,"minecraft:white_bed":1,"minecraft:iron_pickaxe":131,"minecraft:cobblestone":7,"minecraft:sweet_berries":2,"minecraft:furnace":3,"minecraft:cooked_porkchop":7,"minecraft:bucket":19,"minecraft:andesite":1},"minecraft:picked_up":{"minecraft:crafting_table":1,"minecraft:andesite":26,"minecraft:wooden_pickaxe":1,"minecraft:oak_log":20,"minecraft:shield":1,"minecraft:dirt":22,"minecraft:bone":13,"minecraft:cobbled_deepslate":4,"minecraft:raw_gold":11,"minecraft:iron_ingot":7,"minecraft:iron_pickaxe":1,"minecraft:furnace":2,"minecraft:raw_iron":55,"minecraft:stick":1,"minecraft:cooked_porkchop":10,"minecraft:sweet_berries":2,"minecraft:porkchop":15,"minecraft:diorite":2,"minecraft:spruce_log":7,"minecraft:stone_sword":1,"minecraft:arrow":4,"minecraft:oak_sapling":4,"minecraft:black_wool":2,"minecraft:mutton":10,"minecraft:coal":77,"minecraft:white_wool":3,"minecraft:cobblestone":57},"minecraft:dropped":{"minecraft:stone_sword":1,"minecraft:diorite":1,"minecraft:stone_pickaxe":1},"minecraft:killed":{"minecraft:pig":6,"minecraft:spider":1,"minecraft:sheep":1,"minecraft:skeleton":6,"minecraft:zombie":2},"minecraft:custom":{"minecraft:interact_with_furnace":35,"minecraft:mob_kills":16,"minecraft:interact_with_crafting_table":18,"minecraft:leave_game":3,"minecraft:time_since_death":11050,"minecraft:sleep_in_bed":1,"minecraft:time_since_rest":11073,"minecraft:sprint_one_cm":67385,"minecraft:damage_taken":1007,"minecraft:walk_one_cm":84959,"minecraft:damage_blocked_by_shield":626,"minecraft:drop":3,"minecraft:damage_dealt":2739,"minecraft:fly_one_cm":87309,"minecraft:crouch_one_cm":11076,"minecraft:sneak_time":3596,"minecraft:play_time":27906,"minecraft:deaths":1,"minecraft:walk_under_water_one_cm":5340,"minecraft:jump":692,"minecraft:walk_on_water_one_cm":2325,"minecraft:total_world_time":27906,"minecraft:fall_one_cm":17167},"minecraft:mined":{"minecraft:crafting_table":1,"minecraft:short_grass":7,"minecraft:grass_block":4,"minecraft:spruce_leaves":1,"minecraft:deepslate_gold_ore":2,"minecraft:diorite":1,"minecraft:furnace":2,"minecraft:iron_ore":48,"minecraft:sweet_berry_bush":2,"minecraft:spruce_log":7,"minecraft:andesite":13,"minecraft:coal_ore":44,"minecraft:deepslate_iron_ore":5,"minecraft:stone":47,"minecraft:gold_ore":9,"minecraft:oak_leaves":1,"minecraft:deepslate":4,"minecraft:fern":7},"minecraft:killed_by":{"minecraft:enderman":1},"minecraft:crafted":{"minecraft:oak_planks":12,"minecraft:cooked_porkchop":15,"minecraft:crafting_table":2,"minecraft:spruce_planks":28,"minecraft:wooden_pickaxe":1,"minecraft:iron_helmet":1,"minecraft:iron_sword":1,"minecraft:furnace":3,"minecraft:bucket":1,"minecraft:air":0,"minecraft:iron_boots":1,"minecraft:iron_chestplate":1,"minecraft:shield":1,"minecraft:stick":16,"minecraft:iron_ingot":49,"minecraft:iron_pickaxe":1,"minecraft:stone_pickaxe":1,"minecraft:stone_sword":1,"minecraft:iron_leggings":1,"minecraft:white_bed":1}},"DataVersion":3953}