{"stats":{"minecraft:killed_by":{"minecraft:zombie":1},"minecraft:dropped":{"minecraft:iron_ingot":16,"minecraft:iron_sword":1,"minecraft:wheat_seeds":2,"minecraft:lapis_lazuli":3,"minecraft:oak_log":8,"minecraft:mossy_cobblestone":1,"minecraft:diamond_leggings":1,"minecraft:feather":15,"minecraft:cobblestone":4,"minecraft:amethyst_block":3,"minecraft:granite":7,"minecraft:chainmail_helmet":2,"minecraft:emerald":13,"minecraft:cobblestone_stairs":1,"minecraft:stick":3,"minecraft:dirt":8,"minecraft:gray_wool":1,"minecraft:diorite":18,"minecraft:brown_wool":1,"minecraft:diamond_helmet":1,"minecraft:chain":1,"minecraft:oak_stairs":87,"minecraft:iron_pickaxe":2,"minecraft:string":1765,"minecraft:white_wool":13,"minecraft:redstone":5,"minecraft:smooth_basalt":4,"minecraft:bone":3,"minecraft:oak_door":1,"minecraft:gravel":1,"minecraft:white_tulip":2,"minecraft:furnace":1,"minecraft:stone_axe":2,"minecraft:tuff_bricks":4,"minecraft:oak_trapdoor":8,"minecraft:flow_pottery_sherd":1,"minecraft:cooked_chicken":1,"minecraft:stone_sword":2,"minecraft:cobbled_deepslate":79,"minecraft:tuff":15,"minecraft:pointed_dripstone":3,"minecraft:rotten_flesh":13,"minecraft:light_gray_wool":3,"minecraft:iron_boots":1,"minecraft:cooked_mutton":1,"minecraft:filled_map":2,"minecraft:diamond_sword":2,"minecraft:poppy":2,"minecraft:potato":22,"minecraft:flower_pot":1,"minecraft:gunpowder":1,"minecraft:diamond_chestplate":1,"minecraft:peony":6,"minecraft:iron_chestplate":14,"minecraft:andesite":4,"minecraft:hopper":1,"minecraft:waxed_oxidized_cut_copper":2,"minecraft:oak_sapling":20,"minecraft:spider_eye":2,"minecraft:diamond_boots":1,"minecraft:arrow":15,"minecraft:wooden_pickaxe":2,"minecraft:stone_pickaxe":1,"minecraft:calcite":3,"minecraft:brick":56,"minecraft:egg":3},"minecraft:broken":{"minecraft:iron_shovel":1,"minecraft:iron_pickaxe":1},"minecraft:used":{"minecraft:cherry_sapling":36,"minecraft:stone_sword":84,"minecraft:iron_shovel":250,"minecraft:chest":6,"minecraft:shield":49,"minecraft:iron_sword":207,"minecraft:cooked_chicken":12,"minecraft:trial_key":1,"minecraft:torch":36,"minecraft:dirt":317,"minecraft:hopper":7,"minecraft:carrot":15,"minecraft:iron_axe":172,"minecraft:iron_boots":1,"minecraft:barrel":3,"minecraft:furnace":11,"minecraft:egg":1,"minecraft:potato":29,"minecraft:cobbled_deepslate":2,"minecraft:iron_leggings":1,"minecraft:cooked_mutton":29,"minecraft:water_bucket":26,"minecraft:baked_potato":1,"minecraft:stone_pickaxe":90,"minecraft:wooden_pickaxe":32,"minecraft:sugar_cane":6,"minecraft:golden_apple":1,"minecraft:crafting_table":8,"minecraft:white_bed":17,"minecraft:apple":2,"minecraft:wind_charge":1,"minecraft:bread":17,"minecraft:string":5,"minecraft:iron_pickaxe":631,"minecraft:stone_axe":103,"minecraft:diamond_sword":81,"minecraft:cobblestone":80,"minecraft:porkchop":1,"minecraft:cooked_porkchop":2,"minecraft:bucket":28,"minecraft:yellow_bed":4,"minecraft:oak_boat":1,"minecraft:bone_meal":12},"minecraft:custom":{"minecraft:mob_kills":120,"minecraft:inspect_hopper":55,"minecraft:interact_with_crafting_table":42,"minecraft:open_barrel":20,"minecraft:leave_game":2,"minecraft:time_since_death":51472,"minecraft:climb_one_cm":4631,"minecraft:sprint_one_cm":457736,"minecraft:damage_blocked_by_shield":1910,"minecraft:walk_one_cm":644372,"minecraft:drop":165,"minecraft:talked_to_villager":92,"minecraft:play_time":230472,"minecraft:deaths":1,"minecraft:sneak_time":17472,"minecraft:walk_under_water_one_cm":16343,"minecraft:boat_one_cm":25812,"minecraft:jump":4145,"minecraft:interact_with_blast_furnace":2,"minecraft:walk_on_water_one_cm":37673,"minecraft:total_world_time":230472,"minecraft:interact_with_furnace":117,"minecraft:traded_with_villager":201,"minecraft:sleep_in_bed":10,"minecraft:time_since_rest":32584,"minecraft:damage_absorbed":6,"minecraft:damage_taken":3922,"minecraft:damage_dealt":16419,"minecraft:swim_one_cm":54602,"minecraft:fly_one_cm":566064,"minecraft:open_chest":103,"minecraft:crouch_one_cm":37493,"minecraft:inspect_dispenser":21,"minecraft:fall_one_cm":142152},"minecraft:mined":{"minecraft:tuff":16,"minecraft:white_bed":3,"minecraft:mossy_cobblestone":1,"minecraft:deepslate_diamond_ore":3,"minecraft:oak_door":1,"minecraft:sculk_vein":3,"minecraft:cherry_log":104,"minecraft:glow_lichen":1,"minecraft:granite":11,"minecraft:grass_block":97,"minecraft:decorated_pot":14,"minecraft:spruce_leaves":1,"minecraft:hopper":3,"minecraft:tuff_bricks":4,"minecraft:hay_block":1,"minecraft:redstone_ore":3,"minecraft:waxed_oxidized_cut_copper":2,"minecraft:sculk_catalyst":1,"minecraft:furnace":10,"minecraft:carrots":9,"minecraft:waxed_copper_grate":1,"minecraft:iron_ore":54,"minecraft:fire":1,"minecraft:andesite":7,"minecraft:deepslate_lapis_ore":4,"minecraft:potatoes":23,"minecraft:deepslate_iron_ore":15,"minecraft:dirt_path":13,"minecraft:oak_stairs":27,"minecraft:packed_ice":4,"minecraft:stone":304,"minecraft:tripwire":1,"minecraft:deepslate_redstone_ore":6,"minecraft:glass_pane":1,"minecraft:powder_snow":7,"minecraft:crafting_table":9,"minecraft:short_grass":13,"minecraft:emerald_ore":2,"minecraft:calcite":5,"minecraft:chest":1,"minecraft:cobblestone":10,"minecraft:lapis_ore":6,"minecraft:deepslate_gold_ore":8,"minecraft:sugar_cane":6,"minecraft:oak_planks":22,"minecraft:sculk":2,"minecraft:diorite":39,"minecraft:wall_torch":2,"minecraft:amethyst_block":5,"minecraft:birch_log":6,"minecraft:waxed_oxidized_copper_grate":1,"minecraft:birch_leaves":1,"minecraft:yellow_bed":4,"minecraft:oak_log":70,"minecraft:coal_ore":42,"minecraft:flower_pot":1,"minecraft:cherry_leaves":28,"minecraft:gravel":1,"minecraft:dirt":203,"minecraft:smooth_basalt":2,"minecraft:oak_leaves":18,"minecraft:deepslate":159},"minecraft:picked_up":{"minecraft:waxed_oxidized_cut_copper":2,"minecraft:iron_chestplate":4,"minecraft:crafting_table":9,"minecraft:chicken":12,"minecraft:flower_pot":1,"minecraft:diamond_sword":3,"minecraft:wooden_pickaxe":1,"minecraft:oak_stairs":68,"minecraft:potion":1,"minecraft:brick":70,"minecraft:shield":1,"minecraft:amethyst_block":3,"minecraft:string":3849,"minecraft:oak_trapdoor":8,"minecraft:cobbled_deepslate":141,"minecraft:trial_key":4,"minecraft:white_tulip":2,"minecraft:oak_boat":1,"minecraft:calcite":3,"minecraft:poppy":2,"minecraft:iron_pickaxe":2,"minecraft:light_gray_wool":3,"minecraft:sugar_cane":6,"minecraft:chest":1,"minecraft:furnace":11,"minecraft:egg":4,"minecraft:tipped_arrow":3,"minecraft:stick":15,"minecraft:raw_iron":69,"minecraft:oak_door":1,"minecraft:torch":5,"minecraft:porkchop":13,"minecraft:flow_pottery_sherd":5,"minecraft:cherry_log":104,"minecraft:waxed_copper_grate":1,"minecraft:pointed_dripstone":3,"minecraft:diorite":39,"minecraft:carrot":17,"minecraft:redstone":33,"minecraft:music_disc_creator_music_box":1,"minecraft:rotten_flesh":19,"minecraft:arrow":35,"minecraft:peony":6,"minecraft:tuff_bricks":4,"minecraft:mutton":46,"minecraft:white_wool":24,"minecraft:cobblestone":323,"minecraft:birch_log":6,"minecraft:feather":15,"minecraft:glow_ink_sac":5,"minecraft:andesite":10,"minecraft:brown_wool":1,"minecraft:potato":76,"minecraft:filled_map":3,"minecraft:tuff":15,"minecraft:oak_log":73,"minecraft:golden_boots":1,"minecraft:yellow_bed":4,"minecraft:gunpowder":2,"minecraft:cobblestone_stairs":1,"minecraft:lapis_lazuli":67,"minecraft:dirt":367,"minecraft:cooked_mutton":2,"minecraft:bone":13,"minecraft:apple":2,"minecraft:bow":2,"minecraft:wheat_seeds":2,"minecraft:raw_gold":8,"minecraft:iron_ingot":3,"minecraft:cooked_chicken":1,"minecraft:scrape_pottery_sherd":1,"minecraft:iron_sword":1,"minecraft:oak_planks":52,"minecraft:smooth_basalt":4,"minecraft:emerald_block":1,"minecraft:gravel":1,"minecraft:white_bed":3,"minecraft:polished_tuff":1,"minecraft:spider_eye":3,"minecraft:mossy_cobblestone":1,"minecraft:diamond":5,"minecraft:stone_axe":1,"minecraft:waxed_oxidized_copper_grate":1,"minecraft:breeze_rod":5,"minecraft:granite":13,"minecraft:cherry_sapling":36,"minecraft:golden_apple":1,"minecraft:gray_wool":1,"minecraft:bread":21,"minecraft:emerald":19,"minecraft:oak_sapling":14,"minecraft:coal":83,"minecraft:hopper":4},"minecraft:crafted":{"minecraft:oak_planks":124,"minecraft:chainmail_helmet":9,"minecraft:barrel":3,"minecraft:cooked_chicken":12,"minecraft:furnace":5,"minecraft:bone_meal":12,"minecraft:cooked_mutton":46,"minecraft:hopper":4,"minecraft:diamond_helmet":2,"minecraft:diamond_leggings":3,"minecraft:iron_boots":2,"minecraft:iron_axe":1,"minecraft:stone_pickaxe":1,"minecraft:diamond_boots":3,"minecraft:chest":9,"minecraft:oak_slab":6,"minecraft:emerald":190,"minecraft:cooked_porkchop":12,"minecraft:crafting_table":2,"minecraft:baked_potato":47,"minecraft:wooden_pickaxe":1,"minecraft:iron_helmet":1,"minecraft:iron_sword":1,"minecraft:bell":1,"minecraft:bucket":2,"minecraft:birch_planks":24,"minecraft:stone_axe":1,"minecraft:air":0,"minecraft:oak_boat":1,"minecraft:white_wool":35,"minecraft:iron_chestplate":1,"minecraft:shield":1,"minecraft:stick":32,"minecraft:iron_ingot":94,"minecraft:iron_pickaxe":3,"minecraft:stone_sword":1,"minecraft:iron_shovel":1,"minecraft:iron_leggings":1,"minecraft:gold_ingot":36,"minecraft:white_bed":14,"minecraft:torch":44,"minecraft:diamond_chestplate":2},"minecraft:killed":{"minecraft:bogged":1,"minecraft:witch":1,"minecraft:spider":9,"minecraft:skeleton":8,"minecraft:chicken":11,"minecraft:silverfish":10,"minecraft:drowned":1,"minecraft:pig":10,"minecraft:zombie_villager":1,"minecraft:iron_golem":1,"minecraft:creeper":2,"minecraft:sheep":31,"minecraft:zombie":25,"minecraft:breeze":3,"minecraft:glow_squid":3}},"DataVersion":3953}