{"stats":{"minecraft:used":{"minecraft:cherry_sapling":5,"minecraft:stone_sword":84,"minecraft:iron_shovel":250,"minecraft:shield":15,"minecraft:iron_sword":107,"minecraft:cooked_chicken":12,"minecraft:torch":25,"minecraft:dirt":245,"minecraft:carrot":9,"minecraft:iron_axe":87,"minecraft:barrel":3,"minecraft:furnace":10,"minecraft:potato":6,"minecraft:iron_leggings":1,"minecraft:cooked_mutton":13,"minecraft:water_bucket":15,"minecraft:stone_pickaxe":90,"minecraft:wooden_pickaxe":32,"minecraft:crafting_table":8,"minecraft:white_bed":14,"minecraft:apple":2,"minecraft:bread":1,"minecraft:string":5,"minecraft:iron_pickaxe":454,"minecraft:stone_axe":103,"minecraft:cobblestone":74,"minecraft:cooked_porkchop":2,"minecraft:porkchop":1,"minecraft:bucket":16,"minecraft:yellow_bed":4,"minecraft:oak_boat":1,"minecraft:bone_meal":6},"minecraft:picked_up":{"minecraft:crafting_table":8,"minecraft:chicken":12,"minecraft:wooden_pickaxe":1,"minecraft:oak_stairs":49,"minecraft:amethyst_block":3,"minecraft:oak_trapdoor":8,"minecraft:string":455,"minecraft:cobbled_deepslate":79,"minecraft:white_tulip":2,"minecraft:oak_boat":1,"minecraft:calcite":3,"minecraft:poppy":2,"minecraft:iron_pickaxe":1,"minecraft:light_gray_wool":3,"minecraft:egg":3,"minecraft:furnace":11,"minecraft:raw_iron":65,"minecraft:stick":6,"minecraft:oak_door":1,"minecraft:torch":4,"minecraft:porkchop":13,"minecraft:cherry_log":38,"minecraft:pointed_dripstone":3,"minecraft:diorite":18,"minecraft:carrot":9,"minecraft:redstone":28,"minecraft:arrow":5,"minecraft:rotten_flesh":6,"minecraft:peony":6,"minecraft:mutton":40,"minecraft:white_wool":20,"minecraft:cobblestone":274,"minecraft:feather":15,"minecraft:glow_ink_sac":5,"minecraft:brown_wool":1,"minecraft:potato":9,"minecraft:tuff":15,"minecraft:oak_log":73,"minecraft:yellow_bed":4,"minecraft:gunpowder":1,"minecraft:cobblestone_stairs":1,"minecraft:lapis_lazuli":67,"minecraft:dirt":355,"minecraft:cooked_mutton":1,"minecraft:bone":4,"minecraft:apple":2,"minecraft:wheat_seeds":2,"minecraft:raw_gold":8,"minecraft:iron_ingot":2,"minecraft:cooked_chicken":1,"minecraft:oak_planks":52,"minecraft:iron_sword":1,"minecraft:smooth_basalt":4,"minecraft:gravel":1,"minecraft:spider_eye":1,"minecraft:mossy_cobblestone":1,"minecraft:diamond":3,"minecraft:stone_axe":1,"minecraft:granite":5,"minecraft:cherry_sapling":5,"minecraft:gray_wool":1,"minecraft:bread":1,"minecraft:emerald":1,"minecraft:oak_sapling":8,"minecraft:coal":82},"minecraft:dropped":{"minecraft:iron_sword":1,"minecraft:wheat_seeds":2,"minecraft:lapis_lazuli":3,"minecraft:oak_log":8,"minecraft:mossy_cobblestone":1,"minecraft:feather":15,"minecraft:cobblestone":3,"minecraft:amethyst_block":3,"minecraft:granite":5,"minecraft:cobblestone_stairs":1,"minecraft:stick":3,"minecraft:dirt":8,"minecraft:gray_wool":1,"minecraft:diorite":18,"minecraft:brown_wool":1,"minecraft:oak_stairs":49,"minecraft:iron_pickaxe":2,"minecraft:string":4,"minecraft:white_wool":13,"minecraft:smooth_basalt":4,"minecraft:bone":2,"minecraft:oak_door":1,"minecraft:gravel":1,"minecraft:white_tulip":2,"minecraft:furnace":1,"minecraft:stone_axe":2,"minecraft:oak_trapdoor":8,"minecraft:cooked_chicken":1,"minecraft:stone_sword":1,"minecraft:cobbled_deepslate":79,"minecraft:tuff":15,"minecraft:pointed_dripstone":3,"minecraft:rotten_flesh":6,"minecraft:light_gray_wool":3,"minecraft:poppy":2,"minecraft:potato":3,"minecraft:gunpowder":1,"minecraft:peony":6,"minecraft:oak_sapling":8,"minecraft:spider_eye":1,"minecraft:stone_pickaxe":1,"minecraft:wooden_pickaxe":2,"minecraft:calcite":3,"minecraft:egg":3},"minecraft:killed":{"minecraft:spider":5,"minecraft:skeleton":5,"minecraft:chicken":11,"minecraft:drowned":1,"minecraft:pig":10,"minecraft:creeper":1,"minecraft:sheep":28,"minecraft:zombie":10,"minecraft:glow_squid":3},"minecraft:custom":{"minecraft:mob_kills":74,"minecraft:interact_with_crafting_table":32,"minecraft:open_barrel":1,"minecraft:time_since_death":117914,"minecraft:sprint_one_cm":200515,"minecraft:walk_one_cm":299019,"minecraft:damage_blocked_by_shield":1010,"minecraft:drop":70,"minecraft:talked_to_villager":6,"minecraft:play_time":117914,"minecraft:sneak_time":10963,"minecraft:walk_under_water_one_cm":14133,"minecraft:boat_one_cm":25812,"minecraft:jump":2272,"minecraft:walk_on_water_one_cm":24106,"minecraft:total_world_time":117914,"minecraft:interact_with_furnace":62,"minecraft:traded_with_villager":15,"minecraft:sleep_in_bed":4,"minecraft:time_since_rest":33612,"minecraft:damage_taken":1862,"minecraft:damage_dealt":8272,"minecraft:swim_one_cm":47986,"minecraft:fly_one_cm":281055,"minecraft:open_chest":6,"minecraft:crouch_one_cm":22595,"minecraft:fall_one_cm":68954},"minecraft:mined":{"minecraft:tuff":15,"minecraft:mossy_cobblestone":1,"minecraft:deepslate_diamond_ore":3,"minecraft:oak_door":1,"minecraft:cherry_log":38,"minecraft:sculk_vein":2,"minecraft:glow_lichen":1,"minecraft:granite":5,"minecraft:grass_block":92,"minecraft:hay_block":1,"minecraft:redstone_ore":1,"minecraft:furnace":10,"minecraft:carrots":6,"minecraft:iron_ore":50,"minecraft:fire":1,"minecraft:deepslate_lapis_ore":4,"minecraft:potatoes":3,"minecraft:dirt_path":13,"minecraft:deepslate_iron_ore":15,"minecraft:oak_stairs":27,"minecraft:stone":256,"minecraft:tripwire":1,"minecraft:deepslate_redstone_ore":5,"minecraft:glass_pane":1,"minecraft:crafting_table":8,"minecraft:short_grass":11,"minecraft:emerald_ore":1,"minecraft:calcite":5,"minecraft:cobblestone":10,"minecraft:deepslate_gold_ore":8,"minecraft:lapis_ore":6,"minecraft:oak_planks":22,"minecraft:sculk":2,"minecraft:diorite":18,"minecraft:wall_torch":1,"minecraft:amethyst_block":5,"minecraft:yellow_bed":4,"minecraft:coal_ore":42,"minecraft:oak_log":70,"minecraft:cherry_leaves":8,"minecraft:dirt":196,"minecraft:gravel":1,"minecraft:smooth_basalt":2,"minecraft:oak_leaves":18,"minecraft:deepslate":89},"minecraft:crafted":{"minecraft:oak_planks":56,"minecraft:barrel":3,"minecraft:cooked_chicken":12,"minecraft:furnace":4,"minecraft:bone_meal":6,"minecraft:cooked_mutton":38,"minecraft:iron_boots":1,"minecraft:iron_axe":1,"minecraft:stone_pickaxe":1,"minecraft:oak_slab":6,"minecraft:emerald":15,"minecraft:cooked_porkchop":12,"minecraft:crafting_table":2,"minecraft:wooden_pickaxe":1,"minecraft:iron_helmet":1,"minecraft:iron_sword":1,"minecraft:bucket":1,"minecraft:stone_axe":1,"minecraft:air":0,"minecraft:oak_boat":1,"minecraft:white_wool":35,"minecraft:iron_chestplate":1,"minecraft:shield":1,"minecraft:stick":28,"minecraft:iron_ingot":63,"minecraft:iron_pickaxe":3,"minecraft:stone_sword":1,"minecraft:iron_shovel":1,"minecraft:gold_ingot":8,"minecraft:iron_leggings":1,"minecraft:white_bed":14,"minecraft:torch":40},"minecraft:broken":{"minecraft:iron_shovel":1,"minecraft:iron_pickaxe":1}},"DataVersion":3953}