{"stats":{"minecraft:used":{"minecraft:apple":2,"minecraft:stone_sword":62,"minecraft:bread":1,"minecraft:stone_pickaxe":45,"minecraft:wooden_pickaxe":32,"minecraft:cooked_chicken":2,"minecraft:stone_axe":50,"minecraft:dirt":14,"minecraft:crafting_table":2,"minecraft:cooked_porkchop":2,"minecraft:furnace":3,"minecraft:porkchop":1},"minecraft:picked_up":{"minecraft:raw_iron":2,"minecraft:stick":1,"minecraft:crafting_table":1,"minecraft:feather":15,"minecraft:chicken":12,"minecraft:wooden_pickaxe":1,"minecraft:porkchop":3,"minecraft:oak_log":49,"minecraft:yellow_bed":1,"minecraft:gunpowder":1,"minecraft:spider_eye":1,"minecraft:string":3,"minecraft:dirt":27,"minecraft:apple":2,"minecraft:stone_axe":1,"minecraft:cooked_chicken":1,"minecraft:bread":1,"minecraft:oak_sapling":6,"minecraft:mutton":4,"minecraft:coal":39,"minecraft:egg":3,"minecraft:white_wool":4,"minecraft:cobblestone":39,"minecraft:furnace":2},"minecraft:dropped":{"minecraft:stone_axe":1,"minecraft:dirt":1,"minecraft:gunpowder":1,"minecraft:cooked_chicken":1,"minecraft:oak_sapling":6,"minecraft:feather":15,"minecraft:spider_eye":1,"minecraft:wooden_pickaxe":2,"minecraft:string":3,"minecraft:egg":3},"minecraft:killed":{"minecraft:sheep":4,"minecraft:zombie":1,"minecraft:pig":3,"minecraft:chicken":11,"minecraft:spider":3,"minecraft:creeper":1},"minecraft:custom":{"minecraft:time_since_rest":21914,"minecraft:interact_with_furnace":10,"minecraft:sprint_one_cm":66050,"minecraft:damage_taken":381,"minecraft:walk_one_cm":69266,"minecraft:mob_kills":23,"minecraft:drop":13,"minecraft:damage_dealt":2017,"minecraft:interact_with_crafting_table":4,"minecraft:fly_one_cm":64214,"minecraft:open_chest":2,"minecraft:crouch_one_cm":4116,"minecraft:play_time":21914,"minecraft:sneak_time":2337,"minecraft:jump":365,"minecraft:time_since_death":21914,"minecraft:total_world_time":21914,"minecraft:fall_one_cm":12122},"minecraft:mined":{"minecraft:hay_block":1,"minecraft:furnace":2,"minecraft:iron_ore":2,"minecraft:fire":1,"minecraft:yellow_bed":1,"minecraft:crafting_table":1,"minecraft:short_grass":7,"minecraft:coal_ore":23,"minecraft:grass_block":4,"minecraft:oak_log":49,"minecraft:dirt":22,"minecraft:stone":39,"minecraft:oak_leaves":18},"minecraft:crafted":{"minecraft:oak_planks":36,"minecraft:cooked_porkchop":2,"minecraft:crafting_table":1,"minecraft:stick":8,"minecraft:cooked_chicken":12,"minecraft:wooden_pickaxe":1,"minecraft:stone_pickaxe":1,"minecraft:stone_sword":1,"minecraft:furnace":1,"minecraft:stone_axe":1,"minecraft:cooked_mutton":4,"minecraft:air":0}},"DataVersion":3953}