{"stats":{"minecraft:killed_by":{"minecraft:zombie":1},"minecraft:dropped":{"minecraft:iron_ingot":15,"minecraft:iron_sword":1,"minecraft:wheat_seeds":2,"minecraft:lapis_lazuli":3,"minecraft:oak_log":8,"minecraft:mossy_cobblestone":1,"minecraft:diamond_leggings":1,"minecraft:feather":15,"minecraft:cobblestone":3,"minecraft:amethyst_block":3,"minecraft:granite":7,"minecraft:chainmail_helmet":1,"minecraft:emerald":13,"minecraft:cobblestone_stairs":1,"minecraft:stick":3,"minecraft:dirt":8,"minecraft:gray_wool":1,"minecraft:diorite":18,"minecraft:brown_wool":1,"minecraft:chain":1,"minecraft:oak_stairs":87,"minecraft:iron_pickaxe":2,"minecraft:string":1752,"minecraft:white_wool":13,"minecraft:redstone":5,"minecraft:smooth_basalt":4,"minecraft:bone":2,"minecraft:oak_door":1,"minecraft:gravel":1,"minecraft:white_tulip":2,"minecraft:furnace":1,"minecraft:stone_axe":2,"minecraft:tuff_bricks":4,"minecraft:oak_trapdoor":8,"minecraft:cooked_chicken":1,"minecraft:stone_sword":2,"minecraft:cobbled_deepslate":79,"minecraft:tuff":15,"minecraft:pointed_dripstone":3,"minecraft:rotten_flesh":9,"minecraft:light_gray_wool":3,"minecraft:iron_boots":1,"minecraft:cooked_mutton":1,"minecraft:filled_map":2,"minecraft:poppy":2,"minecraft:potato":22,"minecraft:gunpowder":1,"minecraft:diamond_chestplate":1,"minecraft:peony":6,"minecraft:iron_chestplate":14,"minecraft:andesite":4,"minecraft:hopper":1,"minecraft:waxed_oxidized_cut_copper":2,"minecraft:oak_sapling":20,"minecraft:spider_eye":2,"minecraft:diamond_boots":1,"minecraft:arrow":15,"minecraft:wooden_pickaxe":2,"minecraft:stone_pickaxe":1,"minecraft:calcite":3,"minecraft:egg":3},"minecraft:broken":{"minecraft:iron_shovel":1,"minecraft:iron_pickaxe":1},"minecraft:used":{"minecraft:cherry_sapling":36,"minecraft:stone_sword":84,"minecraft:iron_shovel":250,"minecraft:chest":6,"minecraft:shield":48,"minecraft:iron_sword":207,"minecraft:cooked_chicken":12,"minecraft:torch":35,"minecraft:dirt":273,"minecraft:hopper":7,"minecraft:carrot":14,"minecraft:iron_axe":172,"minecraft:iron_boots":1,"minecraft:barrel":3,"minecraft:furnace":10,"minecraft:potato":21,"minecraft:cobbled_deepslate":2,"minecraft:iron_leggings":1,"minecraft:cooked_mutton":29,"minecraft:water_bucket":24,"minecraft:stone_pickaxe":90,"minecraft:wooden_pickaxe":32,"minecraft:sugar_cane":6,"minecraft:crafting_table":8,"minecraft:white_bed":17,"minecraft:apple":2,"minecraft:bread":3,"minecraft:string":5,"minecraft:iron_pickaxe":538,"minecraft:stone_axe":103,"minecraft:cobblestone":80,"minecraft:porkchop":1,"minecraft:cooked_porkchop":2,"minecraft:bucket":25,"minecraft:yellow_bed":4,"minecraft:oak_boat":1,"minecraft:bone_meal":12},"minecraft:custom":{"minecraft:mob_kills":101,"minecraft:inspect_hopper":52,"minecraft:interact_with_crafting_table":40,"minecraft:open_barrel":15,"minecraft:leave_game":1,"minecraft:time_since_death":13105,"minecraft:sprint_one_cm":335272,"minecraft:damage_blocked_by_shield":1850,"minecraft:walk_one_cm":492126,"minecraft:drop":147,"minecraft:talked_to_villager":89,"minecraft:play_time":192105,"minecraft:deaths":1,"minecraft:sneak_time":15954,"minecraft:walk_under_water_one_cm":14740,"minecraft:boat_one_cm":25812,"minecraft:jump":3444,"minecraft:interact_with_blast_furnace":1,"minecraft:walk_on_water_one_cm":33805,"minecraft:total_world_time":192105,"minecraft:interact_with_furnace":83,"minecraft:traded_with_villager":191,"minecraft:sleep_in_bed":9,"minecraft:time_since_rest":7982,"minecraft:damage_taken":3219,"minecraft:damage_dealt":12716,"minecraft:swim_one_cm":52439,"minecraft:fly_one_cm":466469,"minecraft:open_chest":84,"minecraft:crouch_one_cm":32990,"minecraft:fall_one_cm":116074},"minecraft:mined":{"minecraft:tuff":16,"minecraft:white_bed":3,"minecraft:mossy_cobblestone":1,"minecraft:deepslate_diamond_ore":3,"minecraft:oak_door":1,"minecraft:sculk_vein":2,"minecraft:cherry_log":104,"minecraft:glow_lichen":1,"minecraft:granite":5,"minecraft:grass_block":97,"minecraft:hopper":3,"minecraft:tuff_bricks":4,"minecraft:hay_block":1,"minecraft:redstone_ore":3,"minecraft:waxed_oxidized_cut_copper":2,"minecraft:sculk_catalyst":1,"minecraft:furnace":10,"minecraft:carrots":8,"minecraft:iron_ore":50,"minecraft:fire":1,"minecraft:andesite":1,"minecraft:deepslate_lapis_ore":4,"minecraft:potatoes":15,"minecraft:deepslate_iron_ore":15,"minecraft:dirt_path":13,"minecraft:oak_stairs":27,"minecraft:stone":256,"minecraft:tripwire":1,"minecraft:deepslate_redstone_ore":6,"minecraft:glass_pane":1,"minecraft:powder_snow":6,"minecraft:crafting_table":8,"minecraft:short_grass":13,"minecraft:emerald_ore":2,"minecraft:calcite":5,"minecraft:chest":1,"minecraft:cobblestone":10,"minecraft:lapis_ore":6,"minecraft:deepslate_gold_ore":8,"minecraft:sugar_cane":6,"minecraft:oak_planks":22,"minecraft:sculk":2,"minecraft:diorite":18,"minecraft:wall_torch":2,"minecraft:amethyst_block":5,"minecraft:waxed_oxidized_copper_grate":1,"minecraft:yellow_bed":4,"minecraft:oak_log":70,"minecraft:coal_ore":42,"minecraft:cherry_leaves":28,"minecraft:gravel":1,"minecraft:dirt":200,"minecraft:smooth_basalt":2,"minecraft:oak_leaves":18,"minecraft:deepslate":155},"minecraft:picked_up":{"minecraft:waxed_oxidized_cut_copper":2,"minecraft:iron_chestplate":4,"minecraft:crafting_table":8,"minecraft:chicken":12,"minecraft:diamond_sword":1,"minecraft:wooden_pickaxe":1,"minecraft:oak_stairs":68,"minecraft:shield":1,"minecraft:amethyst_block":3,"minecraft:string":3807,"minecraft:oak_trapdoor":8,"minecraft:cobbled_deepslate":136,"minecraft:white_tulip":2,"minecraft:oak_boat":1,"minecraft:calcite":3,"minecraft:poppy":2,"minecraft:iron_pickaxe":1,"minecraft:light_gray_wool":3,"minecraft:sugar_cane":6,"minecraft:chest":1,"minecraft:furnace":11,"minecraft:egg":3,"minecraft:stick":15,"minecraft:raw_iron":65,"minecraft:oak_door":1,"minecraft:torch":5,"minecraft:porkchop":13,"minecraft:cherry_log":104,"minecraft:pointed_dripstone":3,"minecraft:diorite":18,"minecraft:carrot":14,"minecraft:redstone":33,"minecraft:rotten_flesh":10,"minecraft:arrow":12,"minecraft:peony":6,"minecraft:tuff_bricks":4,"minecraft:mutton":46,"minecraft:white_wool":24,"minecraft:cobblestone":275,"minecraft:feather":15,"minecraft:glow_ink_sac":5,"minecraft:andesite":4,"minecraft:brown_wool":1,"minecraft:potato":43,"minecraft:filled_map":3,"minecraft:tuff":15,"minecraft:oak_log":73,"minecraft:yellow_bed":4,"minecraft:gunpowder":2,"minecraft:cobblestone_stairs":1,"minecraft:lapis_lazuli":67,"minecraft:dirt":364,"minecraft:cooked_mutton":2,"minecraft:bone":6,"minecraft:apple":2,"minecraft:bow":1,"minecraft:wheat_seeds":2,"minecraft:raw_gold":8,"minecraft:iron_ingot":2,"minecraft:cooked_chicken":1,"minecraft:iron_sword":1,"minecraft:oak_planks":52,"minecraft:smooth_basalt":4,"minecraft:gravel":1,"minecraft:white_bed":3,"minecraft:spider_eye":3,"minecraft:mossy_cobblestone":1,"minecraft:diamond":3,"minecraft:stone_axe":1,"minecraft:waxed_oxidized_copper_grate":1,"minecraft:breeze_rod":1,"minecraft:granite":7,"minecraft:cherry_sapling":36,"minecraft:golden_apple":1,"minecraft:gray_wool":1,"minecraft:bread":3,"minecraft:emerald":5,"minecraft:oak_sapling":14,"minecraft:coal":82,"minecraft:hopper":4},"minecraft:crafted":{"minecraft:oak_planks":124,"minecraft:chainmail_helmet":9,"minecraft:barrel":3,"minecraft:cooked_chicken":12,"minecraft:furnace":4,"minecraft:bone_meal":12,"minecraft:cooked_mutton":46,"minecraft:hopper":4,"minecraft:diamond_helmet":1,"minecraft:diamond_leggings":3,"minecraft:iron_boots":2,"minecraft:iron_axe":1,"minecraft:stone_pickaxe":1,"minecraft:diamond_boots":3,"minecraft:chest":9,"minecraft:oak_slab":6,"minecraft:emerald":172,"minecraft:cooked_porkchop":12,"minecraft:crafting_table":2,"minecraft:wooden_pickaxe":1,"minecraft:iron_helmet":1,"minecraft:iron_sword":1,"minecraft:bell":1,"minecraft:bucket":1,"minecraft:stone_axe":1,"minecraft:air":0,"minecraft:oak_boat":1,"minecraft:white_wool":35,"minecraft:iron_chestplate":1,"minecraft:shield":1,"minecraft:stick":28,"minecraft:iron_ingot":90,"minecraft:iron_pickaxe":3,"minecraft:stone_sword":1,"minecraft:iron_shovel":1,"minecraft:iron_leggings":1,"minecraft:gold_ingot":36,"minecraft:white_bed":14,"minecraft:torch":40,"minecraft:diamond_chestplate":2},"minecraft:killed":{"minecraft:witch":1,"minecraft:spider":8,"minecraft:skeleton":6,"minecraft:chicken":11,"minecraft:silverfish":4,"minecraft:drowned":1,"minecraft:pig":10,"minecraft:zombie_villager":1,"minecraft:iron_golem":1,"minecraft:creeper":2,"minecraft:sheep":31,"minecraft:zombie":19,"minecraft:glow_squid":3}},"DataVersion":3953}