{"stats":{"minecraft:dropped":{"minecraft:iron_sword":1,"minecraft:wheat_seeds":2,"minecraft:lapis_lazuli":3,"minecraft:oak_log":8,"minecraft:mossy_cobblestone":1,"minecraft:feather":15,"minecraft:cobblestone":3,"minecraft:amethyst_block":3,"minecraft:granite":5,"minecraft:cobblestone_stairs":1,"minecraft:stick":3,"minecraft:dirt":8,"minecraft:gray_wool":1,"minecraft:diorite":18,"minecraft:brown_wool":1,"minecraft:oak_stairs":49,"minecraft:iron_pickaxe":2,"minecraft:string":1748,"minecraft:white_wool":13,"minecraft:smooth_basalt":4,"minecraft:bone":2,"minecraft:oak_door":1,"minecraft:gravel":1,"minecraft:white_tulip":2,"minecraft:furnace":1,"minecraft:stone_axe":2,"minecraft:oak_trapdoor":8,"minecraft:cooked_chicken":1,"minecraft:stone_sword":1,"minecraft:cobbled_deepslate":79,"minecraft:tuff":15,"minecraft:pointed_dripstone":3,"minecraft:rotten_flesh":8,"minecraft:light_gray_wool":3,"minecraft:cooked_mutton":1,"minecraft:poppy":2,"minecraft:potato":18,"minecraft:gunpowder":1,"minecraft:peony":6,"minecraft:hopper":1,"minecraft:oak_sapling":8,"minecraft:spider_eye":1,"minecraft:arrow":15,"minecraft:wooden_pickaxe":2,"minecraft:stone_pickaxe":1,"minecraft:calcite":3,"minecraft:egg":3},"minecraft:broken":{"minecraft:iron_shovel":1,"minecraft:iron_pickaxe":1},"minecraft:used":{"minecraft:cherry_sapling":36,"minecraft:stone_sword":84,"minecraft:iron_shovel":250,"minecraft:chest":2,"minecraft:shield":17,"minecraft:iron_sword":166,"minecraft:cooked_chicken":12,"minecraft:torch":25,"minecraft:dirt":245,"minecraft:hopper":7,"minecraft:carrot":14,"minecraft:iron_axe":171,"minecraft:barrel":3,"minecraft:furnace":10,"minecraft:potato":21,"minecraft:iron_leggings":1,"minecraft:cooked_mutton":19,"minecraft:water_bucket":15,"minecraft:stone_pickaxe":90,"minecraft:wooden_pickaxe":32,"minecraft:crafting_table":8,"minecraft:white_bed":17,"minecraft:apple":2,"minecraft:bread":1,"minecraft:string":5,"minecraft:iron_pickaxe":457,"minecraft:stone_axe":103,"minecraft:cobblestone":80,"minecraft:porkchop":1,"minecraft:cooked_porkchop":2,"minecraft:bucket":16,"minecraft:yellow_bed":4,"minecraft:oak_boat":1,"minecraft:bone_meal":12},"minecraft:custom":{"minecraft:mob_kills":87,"minecraft:inspect_hopper":25,"minecraft:interact_with_crafting_table":38,"minecraft:open_barrel":1,"minecraft:leave_game":1,"minecraft:time_since_death":144105,"minecraft:sprint_one_cm":251588,"minecraft:damage_blocked_by_shield":1130,"minecraft:walk_one_cm":375826,"minecraft:drop":107,"minecraft:talked_to_villager":15,"minecraft:play_time":144105,"minecraft:sneak_time":12532,"minecraft:walk_under_water_one_cm":14133,"minecraft:boat_one_cm":25812,"minecraft:jump":2685,"minecraft:walk_on_water_one_cm":28088,"minecraft:total_world_time":144105,"minecraft:interact_with_furnace":65,"minecraft:traded_with_villager":44,"minecraft:sleep_in_bed":6,"minecraft:time_since_rest":12376,"minecraft:damage_taken":2167,"minecraft:damage_dealt":10852,"minecraft:swim_one_cm":47986,"minecraft:fly_one_cm":350147,"minecraft:open_chest":28,"minecraft:crouch_one_cm":25918,"minecraft:fall_one_cm":83117},"minecraft:mined":{"minecraft:tuff":15,"minecraft:white_bed":3,"minecraft:mossy_cobblestone":1,"minecraft:deepslate_diamond_ore":3,"minecraft:oak_door":1,"minecraft:sculk_vein":2,"minecraft:cherry_log":104,"minecraft:glow_lichen":1,"minecraft:granite":5,"minecraft:grass_block":97,"minecraft:hopper":3,"minecraft:hay_block":1,"minecraft:redstone_ore":1,"minecraft:furnace":10,"minecraft:carrots":8,"minecraft:iron_ore":50,"minecraft:fire":1,"minecraft:deepslate_lapis_ore":4,"minecraft:potatoes":15,"minecraft:deepslate_iron_ore":15,"minecraft:dirt_path":13,"minecraft:oak_stairs":27,"minecraft:stone":256,"minecraft:tripwire":1,"minecraft:deepslate_redstone_ore":5,"minecraft:glass_pane":1,"minecraft:crafting_table":8,"minecraft:short_grass":13,"minecraft:emerald_ore":1,"minecraft:calcite":5,"minecraft:cobblestone":10,"minecraft:lapis_ore":6,"minecraft:deepslate_gold_ore":8,"minecraft:oak_planks":22,"minecraft:sculk":2,"minecraft:diorite":18,"minecraft:wall_torch":1,"minecraft:amethyst_block":5,"minecraft:yellow_bed":4,"minecraft:oak_log":70,"minecraft:coal_ore":42,"minecraft:cherry_leaves":28,"minecraft:gravel":1,"minecraft:dirt":197,"minecraft:smooth_basalt":2,"minecraft:oak_leaves":18,"minecraft:deepslate":89},"minecraft:picked_up":{"minecraft:crafting_table":8,"minecraft:chicken":12,"minecraft:wooden_pickaxe":1,"minecraft:oak_stairs":49,"minecraft:amethyst_block":3,"minecraft:string":3223,"minecraft:oak_trapdoor":8,"minecraft:cobbled_deepslate":79,"minecraft:white_tulip":2,"minecraft:oak_boat":1,"minecraft:calcite":3,"minecraft:poppy":2,"minecraft:iron_pickaxe":1,"minecraft:light_gray_wool":3,"minecraft:furnace":11,"minecraft:egg":3,"minecraft:stick":15,"minecraft:raw_iron":65,"minecraft:oak_door":1,"minecraft:torch":4,"minecraft:porkchop":13,"minecraft:cherry_log":104,"minecraft:pointed_dripstone":3,"minecraft:diorite":18,"minecraft:carrot":14,"minecraft:redstone":28,"minecraft:rotten_flesh":9,"minecraft:arrow":12,"minecraft:peony":6,"minecraft:mutton":40,"minecraft:white_wool":20,"minecraft:cobblestone":274,"minecraft:feather":15,"minecraft:glow_ink_sac":5,"minecraft:brown_wool":1,"minecraft:potato":43,"minecraft:tuff":15,"minecraft:oak_log":73,"minecraft:yellow_bed":4,"minecraft:gunpowder":2,"minecraft:cobblestone_stairs":1,"minecraft:lapis_lazuli":67,"minecraft:dirt":360,"minecraft:cooked_mutton":2,"minecraft:bone":6,"minecraft:apple":2,"minecraft:wheat_seeds":2,"minecraft:raw_gold":8,"minecraft:iron_ingot":2,"minecraft:cooked_chicken":1,"minecraft:iron_sword":1,"minecraft:oak_planks":52,"minecraft:smooth_basalt":4,"minecraft:gravel":1,"minecraft:white_bed":3,"minecraft:spider_eye":2,"minecraft:mossy_cobblestone":1,"minecraft:diamond":3,"minecraft:stone_axe":1,"minecraft:granite":5,"minecraft:cherry_sapling":36,"minecraft:gray_wool":1,"minecraft:bread":1,"minecraft:emerald":1,"minecraft:oak_sapling":8,"minecraft:coal":82,"minecraft:hopper":4},"minecraft:crafted":{"minecraft:oak_planks":100,"minecraft:barrel":3,"minecraft:cooked_chicken":12,"minecraft:furnace":4,"minecraft:bone_meal":12,"minecraft:cooked_mutton":38,"minecraft:hopper":4,"minecraft:iron_boots":1,"minecraft:iron_axe":1,"minecraft:stone_pickaxe":1,"minecraft:chest":6,"minecraft:oak_slab":6,"minecraft:emerald":44,"minecraft:cooked_porkchop":12,"minecraft:crafting_table":2,"minecraft:wooden_pickaxe":1,"minecraft:iron_helmet":1,"minecraft:iron_sword":1,"minecraft:bucket":1,"minecraft:stone_axe":1,"minecraft:air":0,"minecraft:oak_boat":1,"minecraft:white_wool":35,"minecraft:iron_chestplate":1,"minecraft:shield":1,"minecraft:stick":28,"minecraft:iron_ingot":63,"minecraft:iron_pickaxe":3,"minecraft:stone_sword":1,"minecraft:iron_shovel":1,"minecraft:iron_leggings":1,"minecraft:gold_ingot":8,"minecraft:white_bed":14,"minecraft:torch":40},"minecraft:killed":{"minecraft:witch":1,"minecraft:spider":6,"minecraft:skeleton":6,"minecraft:chicken":11,"minecraft:drowned":1,"minecraft:pig":10,"minecraft:zombie_villager":1,"minecraft:creeper":2,"minecraft:sheep":28,"minecraft:zombie":18,"minecraft:glow_squid":3}},"DataVersion":3953}