{"stats":{"minecraft:used":{"minecraft:stone_sword":84,"minecraft:stone_pickaxe":90,"minecraft:shield":3,"minecraft:wooden_pickaxe":32,"minecraft:cooked_chicken":7,"minecraft:torch":4,"minecraft:dirt":26,"minecraft:crafting_table":6,"minecraft:apple":2,"minecraft:bread":1,"minecraft:iron_pickaxe":84,"minecraft:stone_axe":53,"minecraft:cobblestone":8,"minecraft:porkchop":1,"minecraft:furnace":5,"minecraft:cooked_porkchop":2,"minecraft:oak_boat":1,"minecraft:yellow_bed":1,"minecraft:iron_leggings":1},"minecraft:picked_up":{"minecraft:crafting_table":4,"minecraft:feather":15,"minecraft:chicken":12,"minecraft:wooden_pickaxe":1,"minecraft:oak_log":49,"minecraft:yellow_bed":2,"minecraft:gunpowder":1,"minecraft:lapis_lazuli":29,"minecraft:amethyst_block":3,"minecraft:dirt":27,"minecraft:string":3,"minecraft:bone":2,"minecraft:apple":2,"minecraft:cobbled_deepslate":5,"minecraft:raw_gold":6,"minecraft:cooked_chicken":1,"minecraft:oak_boat":1,"minecraft:calcite":3,"minecraft:furnace":4,"minecraft:egg":3,"minecraft:stick":1,"minecraft:raw_iron":36,"minecraft:smooth_basalt":4,"minecraft:torch":1,"minecraft:porkchop":3,"minecraft:pointed_dripstone":3,"minecraft:redstone":15,"minecraft:spider_eye":1,"minecraft:arrow":1,"minecraft:stone_axe":1,"minecraft:emerald":1,"minecraft:bread":1,"minecraft:oak_sapling":6,"minecraft:mutton":4,"minecraft:coal":59,"minecraft:cobblestone":81,"minecraft:white_wool":4},"minecraft:dropped":{"minecraft:furnace":1,"minecraft:stone_axe":1,"minecraft:cooked_chicken":1,"minecraft:pointed_dripstone":3,"minecraft:feather":15,"minecraft:amethyst_block":3,"minecraft:stick":2,"minecraft:dirt":1,"minecraft:gunpowder":1,"minecraft:oak_sapling":6,"minecraft:spider_eye":1,"minecraft:stone_pickaxe":1,"minecraft:wooden_pickaxe":2,"minecraft:calcite":3,"minecraft:string":3,"minecraft:white_wool":4,"minecraft:bone":2,"minecraft:smooth_basalt":2,"minecraft:egg":3},"minecraft:killed":{"minecraft:pig":3,"minecraft:spider":3,"minecraft:creeper":1,"minecraft:skeleton":1,"minecraft:sheep":4,"minecraft:zombie":5,"minecraft:chicken":11,"minecraft:drowned":1},"minecraft:custom":{"minecraft:interact_with_furnace":29,"minecraft:mob_kills":29,"minecraft:interact_with_crafting_table":20,"minecraft:time_since_death":45914,"minecraft:sleep_in_bed":2,"minecraft:time_since_rest":14730,"minecraft:sprint_one_cm":94818,"minecraft:damage_taken":771,"minecraft:walk_one_cm":112733,"minecraft:damage_blocked_by_shield":165,"minecraft:drop":22,"minecraft:damage_dealt":3056,"minecraft:swim_one_cm":34689,"minecraft:fly_one_cm":90258,"minecraft:open_chest":2,"minecraft:crouch_one_cm":13178,"minecraft:play_time":45914,"minecraft:sneak_time":6106,"minecraft:walk_under_water_one_cm":6713,"minecraft:boat_one_cm":25812,"minecraft:jump":807,"minecraft:walk_on_water_one_cm":6038,"minecraft:total_world_time":45914,"minecraft:fall_one_cm":23221},"minecraft:mined":{"minecraft:deepslate_redstone_ore":3,"minecraft:crafting_table":4,"minecraft:glow_lichen":1,"minecraft:short_grass":7,"minecraft:emerald_ore":1,"minecraft:calcite":5,"minecraft:grass_block":4,"minecraft:deepslate_gold_ore":6,"minecraft:wall_torch":1,"minecraft:amethyst_block":5,"minecraft:hay_block":1,"minecraft:furnace":4,"minecraft:iron_ore":32,"minecraft:fire":1,"minecraft:deepslate_lapis_ore":4,"minecraft:yellow_bed":2,"minecraft:oak_log":49,"minecraft:coal_ore":42,"minecraft:deepslate_iron_ore":4,"minecraft:dirt":22,"minecraft:smooth_basalt":2,"minecraft:stone":79,"minecraft:deepslate":6,"minecraft:oak_leaves":18},"minecraft:crafted":{"minecraft:oak_planks":36,"minecraft:cooked_porkchop":2,"minecraft:crafting_table":2,"minecraft:iron_helmet":1,"minecraft:wooden_pickaxe":1,"minecraft:cooked_chicken":12,"minecraft:furnace":2,"minecraft:bucket":1,"minecraft:stone_axe":1,"minecraft:cooked_mutton":4,"minecraft:air":0,"minecraft:oak_boat":1,"minecraft:iron_boots":1,"minecraft:iron_chestplate":1,"minecraft:shield":1,"minecraft:stick":20,"minecraft:iron_ingot":32,"minecraft:iron_pickaxe":1,"minecraft:stone_pickaxe":1,"minecraft:stone_sword":1,"minecraft:iron_leggings":1,"minecraft:torch":40}},"DataVersion":3953}