{"stats":{"minecraft:used":{"minecraft:dirt":2,"minecraft:crafting_table":1,"minecraft:wooden_pickaxe":32},"minecraft:picked_up":{"minecraft:stick":1,"minecraft:apple":1,"minecraft:oak_log":9,"minecraft:dirt":9,"minecraft:cobblestone":23},"minecraft:dropped":{"minecraft:wooden_pickaxe":1},"minecraft:custom":{"minecraft:time_since_rest":3914,"minecraft:crouch_one_cm":1523,"minecraft:play_time":3914,"minecraft:sprint_one_cm":3076,"minecraft:damage_taken":20,"minecraft:walk_one_cm":6606,"minecraft:sneak_time":735,"minecraft:drop":1,"minecraft:jump":24,"minecraft:time_since_death":3914,"minecraft:total_world_time":3914,"minecraft:interact_with_crafting_table":3,"minecraft:fall_one_cm":693,"minecraft:fly_one_cm":1481},"minecraft:mined":{"minecraft:short_grass":1,"minecraft:grass_block":2,"minecraft:oak_log":9,"minecraft:dirt":7,"minecraft:stone":23,"minecraft:oak_leaves":3},"minecraft:crafted":{"minecraft:stone_sword":1,"minecraft:oak_planks":36,"minecraft:stone_axe":1,"minecraft:crafting_table":1,"minecraft:stick":8,"minecraft:stone_pickaxe":1,"minecraft:wooden_pickaxe":1}},"DataVersion":3953}