{"stats":{"minecraft:used":{"minecraft:stone_sword":84,"minecraft:shield":9,"minecraft:iron_sword":72,"minecraft:cooked_chicken":12,"minecraft:torch":25,"minecraft:dirt":26,"minecraft:furnace":6,"minecraft:iron_leggings":1,"minecraft:cooked_mutton":3,"minecraft:water_bucket":8,"minecraft:stone_pickaxe":90,"minecraft:wooden_pickaxe":32,"minecraft:crafting_table":7,"minecraft:apple":2,"minecraft:bread":1,"minecraft:iron_pickaxe":436,"minecraft:stone_axe":55,"minecraft:cobblestone":44,"minecraft:cooked_porkchop":2,"minecraft:porkchop":1,"minecraft:bucket":9,"minecraft:yellow_bed":1,"minecraft:oak_boat":1},"minecraft:picked_up":{"minecraft:crafting_table":6,"minecraft:chicken":12,"minecraft:wooden_pickaxe":1,"minecraft:amethyst_block":3,"minecraft:string":3,"minecraft:cobbled_deepslate":79,"minecraft:oak_boat":1,"minecraft:calcite":3,"minecraft:iron_pickaxe":1,"minecraft:light_gray_wool":2,"minecraft:egg":3,"minecraft:furnace":6,"minecraft:raw_iron":65,"minecraft:stick":1,"minecraft:torch":2,"minecraft:porkchop":13,"minecraft:pointed_dripstone":3,"minecraft:diorite":18,"minecraft:redstone":28,"minecraft:arrow":3,"minecraft:rotten_flesh":3,"minecraft:mutton":28,"minecraft:white_wool":11,"minecraft:cobblestone":263,"minecraft:feather":15,"minecraft:glow_ink_sac":5,"minecraft:brown_wool":1,"minecraft:tuff":15,"minecraft:oak_log":49,"minecraft:yellow_bed":2,"minecraft:gunpowder":1,"minecraft:lapis_lazuli":67,"minecraft:dirt":32,"minecraft:bone":2,"minecraft:apple":2,"minecraft:wheat_seeds":1,"minecraft:raw_gold":8,"minecraft:cooked_chicken":1,"minecraft:iron_sword":1,"minecraft:smooth_basalt":4,"minecraft:gravel":1,"minecraft:spider_eye":1,"minecraft:diamond":3,"minecraft:stone_axe":1,"minecraft:granite":5,"minecraft:gray_wool":1,"minecraft:bread":1,"minecraft:emerald":1,"minecraft:oak_sapling":6,"minecraft:coal":82},"minecraft:dropped":{"minecraft:iron_sword":1,"minecraft:lapis_lazuli":3,"minecraft:feather":15,"minecraft:cobblestone":3,"minecraft:amethyst_block":3,"minecraft:granite":5,"minecraft:stick":2,"minecraft:dirt":6,"minecraft:diorite":18,"minecraft:iron_pickaxe":1,"minecraft:string":3,"minecraft:white_wool":4,"minecraft:smooth_basalt":4,"minecraft:bone":2,"minecraft:gravel":1,"minecraft:furnace":1,"minecraft:stone_axe":1,"minecraft:cooked_chicken":1,"minecraft:stone_sword":1,"minecraft:cobbled_deepslate":79,"minecraft:tuff":15,"minecraft:pointed_dripstone":3,"minecraft:rotten_flesh":3,"minecraft:gunpowder":1,"minecraft:oak_sapling":6,"minecraft:spider_eye":1,"minecraft:stone_pickaxe":1,"minecraft:wooden_pickaxe":2,"minecraft:calcite":3,"minecraft:egg":3},"minecraft:killed":{"minecraft:spider":4,"minecraft:skeleton":3,"minecraft:chicken":11,"minecraft:drowned":1,"minecraft:pig":10,"minecraft:creeper":1,"minecraft:sheep":20,"minecraft:zombie":7,"minecraft:glow_squid":3},"minecraft:custom":{"minecraft:mob_kills":60,"minecraft:interact_with_crafting_table":22,"minecraft:time_since_death":69914,"minecraft:sprint_one_cm":121606,"minecraft:walk_one_cm":171457,"minecraft:damage_blocked_by_shield":540,"minecraft:drop":38,"minecraft:play_time":69914,"minecraft:sneak_time":8879,"minecraft:walk_under_water_one_cm":13644,"minecraft:boat_one_cm":25812,"minecraft:jump":1318,"minecraft:walk_on_water_one_cm":13610,"minecraft:total_world_time":69914,"minecraft:interact_with_furnace":32,"minecraft:sleep_in_bed":2,"minecraft:time_since_rest":38730,"minecraft:damage_taken":1246,"minecraft:damage_dealt":6473,"minecraft:swim_one_cm":46157,"minecraft:fly_one_cm":130655,"minecraft:open_chest":3,"minecraft:crouch_one_cm":18986,"minecraft:fall_one_cm":36664},"minecraft:mined":{"minecraft:tuff":15,"minecraft:deepslate_diamond_ore":3,"minecraft:sculk_vein":2,"minecraft:glow_lichen":1,"minecraft:granite":5,"minecraft:grass_block":5,"minecraft:hay_block":1,"minecraft:redstone_ore":1,"minecraft:furnace":5,"minecraft:iron_ore":50,"minecraft:fire":1,"minecraft:deepslate_lapis_ore":4,"minecraft:deepslate_iron_ore":15,"minecraft:stone":256,"minecraft:deepslate_redstone_ore":5,"minecraft:crafting_table":6,"minecraft:short_grass":9,"minecraft:emerald_ore":1,"minecraft:calcite":5,"minecraft:deepslate_gold_ore":8,"minecraft:lapis_ore":6,"minecraft:sculk":2,"minecraft:diorite":18,"minecraft:wall_torch":1,"minecraft:amethyst_block":5,"minecraft:yellow_bed":2,"minecraft:coal_ore":42,"minecraft:oak_log":49,"minecraft:dirt":26,"minecraft:gravel":1,"minecraft:smooth_basalt":2,"minecraft:oak_leaves":18,"minecraft:deepslate":89},"minecraft:crafted":{"minecraft:oak_planks":36,"minecraft:cooked_chicken":12,"minecraft:furnace":2,"minecraft:cooked_mutton":4,"minecraft:iron_boots":1,"minecraft:stone_pickaxe":1,"minecraft:cooked_porkchop":2,"minecraft:crafting_table":2,"minecraft:wooden_pickaxe":1,"minecraft:iron_helmet":1,"minecraft:iron_sword":1,"minecraft:bucket":1,"minecraft:stone_axe":1,"minecraft:air":0,"minecraft:oak_boat":1,"minecraft:iron_chestplate":1,"minecraft:shield":1,"minecraft:stick":24,"minecraft:iron_ingot":36,"minecraft:iron_pickaxe":2,"minecraft:stone_sword":1,"minecraft:iron_leggings":1,"minecraft:torch":40},"minecraft:broken":{"minecraft:iron_pickaxe":1}},"DataVersion":3953}