{"stats":{"minecraft:used":{"minecraft:water_bucket":6,"minecraft:stone_sword":84,"minecraft:stone_pickaxe":90,"minecraft:shield":7,"minecraft:wooden_pickaxe":32,"minecraft:iron_sword":9,"minecraft:cooked_chicken":12,"minecraft:torch":23,"minecraft:dirt":26,"minecraft:crafting_table":6,"minecraft:apple":2,"minecraft:bread":1,"minecraft:iron_pickaxe":228,"minecraft:stone_axe":54,"minecraft:cobblestone":23,"minecraft:porkchop":1,"minecraft:furnace":5,"minecraft:cooked_porkchop":2,"minecraft:bucket":7,"minecraft:oak_boat":1,"minecraft:yellow_bed":1,"minecraft:iron_leggings":1},"minecraft:picked_up":{"minecraft:crafting_table":5,"minecraft:feather":15,"minecraft:chicken":12,"minecraft:wooden_pickaxe":1,"minecraft:tuff":15,"minecraft:oak_log":49,"minecraft:yellow_bed":2,"minecraft:gunpowder":1,"minecraft:lapis_lazuli":29,"minecraft:amethyst_block":3,"minecraft:dirt":27,"minecraft:string":3,"minecraft:bone":2,"minecraft:apple":2,"minecraft:cobbled_deepslate":79,"minecraft:raw_gold":8,"minecraft:cooked_chicken":1,"minecraft:oak_boat":1,"minecraft:calcite":3,"minecraft:iron_sword":1,"minecraft:furnace":6,"minecraft:egg":3,"minecraft:stick":1,"minecraft:raw_iron":49,"minecraft:smooth_basalt":4,"minecraft:torch":2,"minecraft:porkchop":3,"minecraft:pointed_dripstone":3,"minecraft:redstone":24,"minecraft:spider_eye":1,"minecraft:arrow":3,"minecraft:rotten_flesh":2,"minecraft:diamond":3,"minecraft:stone_axe":1,"minecraft:emerald":1,"minecraft:bread":1,"minecraft:oak_sapling":6,"minecraft:mutton":4,"minecraft:coal":82,"minecraft:cobblestone":101,"minecraft:white_wool":4},"minecraft:dropped":{"minecraft:furnace":1,"minecraft:iron_sword":1,"minecraft:stone_axe":1,"minecraft:cooked_chicken":1,"minecraft:stone_sword":1,"minecraft:cobbled_deepslate":6,"minecraft:pointed_dripstone":3,"minecraft:rotten_flesh":2,"minecraft:feather":15,"minecraft:amethyst_block":3,"minecraft:stick":2,"minecraft:dirt":1,"minecraft:gunpowder":1,"minecraft:oak_sapling":6,"minecraft:spider_eye":1,"minecraft:stone_pickaxe":1,"minecraft:wooden_pickaxe":2,"minecraft:calcite":3,"minecraft:string":3,"minecraft:white_wool":4,"minecraft:bone":2,"minecraft:smooth_basalt":4,"minecraft:egg":3},"minecraft:killed":{"minecraft:pig":3,"minecraft:spider":3,"minecraft:creeper":1,"minecraft:skeleton":2,"minecraft:sheep":4,"minecraft:zombie":6,"minecraft:chicken":11,"minecraft:drowned":1},"minecraft:custom":{"minecraft:interact_with_furnace":31,"minecraft:mob_kills":31,"minecraft:interact_with_crafting_table":21,"minecraft:time_since_death":57914,"minecraft:sleep_in_bed":2,"minecraft:time_since_rest":26730,"minecraft:sprint_one_cm":100754,"minecraft:damage_taken":1019,"minecraft:walk_one_cm":142147,"minecraft:damage_blocked_by_shield":420,"minecraft:drop":27,"minecraft:damage_dealt":3436,"minecraft:swim_one_cm":38414,"minecraft:fly_one_cm":95173,"minecraft:open_chest":3,"minecraft:crouch_one_cm":17846,"minecraft:play_time":57914,"minecraft:sneak_time":8458,"minecraft:walk_under_water_one_cm":8972,"minecraft:boat_one_cm":25812,"minecraft:jump":965,"minecraft:walk_on_water_one_cm":8371,"minecraft:total_world_time":57914,"minecraft:fall_one_cm":27764},"minecraft:mined":{"minecraft:deepslate_redstone_ore":5,"minecraft:tuff":15,"minecraft:deepslate_diamond_ore":3,"minecraft:sculk_vein":2,"minecraft:crafting_table":5,"minecraft:glow_lichen":1,"minecraft:short_grass":7,"minecraft:emerald_ore":1,"minecraft:calcite":5,"minecraft:grass_block":4,"minecraft:deepslate_gold_ore":8,"minecraft:sculk":2,"minecraft:wall_torch":1,"minecraft:amethyst_block":5,"minecraft:hay_block":1,"minecraft:furnace":5,"minecraft:iron_ore":34,"minecraft:fire":1,"minecraft:deepslate_lapis_ore":4,"minecraft:yellow_bed":2,"minecraft:oak_log":49,"minecraft:coal_ore":42,"minecraft:deepslate_iron_ore":15,"minecraft:dirt":22,"minecraft:smooth_basalt":2,"minecraft:stone":100,"minecraft:deepslate":89,"minecraft:oak_leaves":18},"minecraft:crafted":{"minecraft:oak_planks":36,"minecraft:cooked_porkchop":2,"minecraft:crafting_table":2,"minecraft:iron_helmet":1,"minecraft:wooden_pickaxe":1,"minecraft:cooked_chicken":12,"minecraft:iron_sword":1,"minecraft:furnace":2,"minecraft:bucket":1,"minecraft:stone_axe":1,"minecraft:cooked_mutton":4,"minecraft:air":0,"minecraft:oak_boat":1,"minecraft:iron_boots":1,"minecraft:iron_chestplate":1,"minecraft:shield":1,"minecraft:stick":24,"minecraft:iron_ingot":36,"minecraft:iron_pickaxe":1,"minecraft:stone_pickaxe":1,"minecraft:stone_sword":1,"minecraft:iron_leggings":1,"minecraft:torch":40}},"DataVersion":3953}