{"stats":{"minecraft:used":{"minecraft:stone_sword":84,"minecraft:shield":13,"minecraft:iron_sword":79,"minecraft:cooked_chicken":12,"minecraft:torch":25,"minecraft:dirt":26,"minecraft:iron_axe":2,"minecraft:furnace":9,"minecraft:iron_leggings":1,"minecraft:cooked_mutton":7,"minecraft:water_bucket":14,"minecraft:stone_pickaxe":90,"minecraft:wooden_pickaxe":32,"minecraft:crafting_table":8,"minecraft:apple":2,"minecraft:bread":1,"minecraft:iron_pickaxe":440,"minecraft:stone_axe":103,"minecraft:cobblestone":71,"minecraft:cooked_porkchop":2,"minecraft:porkchop":1,"minecraft:bucket":15,"minecraft:yellow_bed":2,"minecraft:oak_boat":1},"minecraft:picked_up":{"minecraft:crafting_table":7,"minecraft:chicken":12,"minecraft:wooden_pickaxe":1,"minecraft:amethyst_block":3,"minecraft:string":3,"minecraft:cobbled_deepslate":79,"minecraft:oak_boat":1,"minecraft:calcite":3,"minecraft:iron_pickaxe":1,"minecraft:light_gray_wool":2,"minecraft:egg":3,"minecraft:furnace":10,"minecraft:raw_iron":65,"minecraft:stick":5,"minecraft:torch":2,"minecraft:porkchop":13,"minecraft:cherry_log":38,"minecraft:pointed_dripstone":3,"minecraft:diorite":18,"minecraft:redstone":28,"minecraft:arrow":3,"minecraft:rotten_flesh":5,"minecraft:mutton":28,"minecraft:white_wool":11,"minecraft:cobblestone":263,"minecraft:feather":15,"minecraft:glow_ink_sac":5,"minecraft:brown_wool":1,"minecraft:tuff":15,"minecraft:oak_log":49,"minecraft:yellow_bed":3,"minecraft:gunpowder":1,"minecraft:lapis_lazuli":67,"minecraft:dirt":32,"minecraft:bone":4,"minecraft:apple":2,"minecraft:wheat_seeds":1,"minecraft:raw_gold":8,"minecraft:iron_ingot":2,"minecraft:cooked_chicken":1,"minecraft:iron_sword":1,"minecraft:smooth_basalt":4,"minecraft:gravel":1,"minecraft:spider_eye":1,"minecraft:diamond":3,"minecraft:stone_axe":1,"minecraft:granite":5,"minecraft:cherry_sapling":5,"minecraft:gray_wool":1,"minecraft:bread":1,"minecraft:emerald":1,"minecraft:oak_sapling":6,"minecraft:coal":82},"minecraft:dropped":{"minecraft:iron_sword":1,"minecraft:wheat_seeds":1,"minecraft:lapis_lazuli":3,"minecraft:feather":15,"minecraft:cobblestone":3,"minecraft:amethyst_block":3,"minecraft:granite":5,"minecraft:stick":2,"minecraft:dirt":6,"minecraft:gray_wool":1,"minecraft:diorite":18,"minecraft:brown_wool":1,"minecraft:iron_pickaxe":2,"minecraft:string":3,"minecraft:white_wool":11,"minecraft:smooth_basalt":4,"minecraft:bone":2,"minecraft:gravel":1,"minecraft:furnace":1,"minecraft:stone_axe":2,"minecraft:cooked_chicken":1,"minecraft:stone_sword":1,"minecraft:cobbled_deepslate":79,"minecraft:tuff":15,"minecraft:pointed_dripstone":3,"minecraft:rotten_flesh":5,"minecraft:light_gray_wool":2,"minecraft:gunpowder":1,"minecraft:oak_sapling":6,"minecraft:spider_eye":1,"minecraft:stone_pickaxe":1,"minecraft:wooden_pickaxe":2,"minecraft:calcite":3,"minecraft:egg":3},"minecraft:killed":{"minecraft:spider":4,"minecraft:skeleton":4,"minecraft:chicken":11,"minecraft:drowned":1,"minecraft:pig":10,"minecraft:creeper":1,"minecraft:sheep":20,"minecraft:zombie":8,"minecraft:glow_squid":3},"minecraft:custom":{"minecraft:mob_kills":62,"minecraft:interact_with_crafting_table":24,"minecraft:time_since_death":81914,"minecraft:sprint_one_cm":146392,"minecraft:walk_one_cm":188875,"minecraft:damage_blocked_by_shield":890,"minecraft:drop":46,"minecraft:play_time":81914,"minecraft:sneak_time":9753,"minecraft:walk_under_water_one_cm":13646,"minecraft:boat_one_cm":25812,"minecraft:jump":1661,"minecraft:walk_on_water_one_cm":14358,"minecraft:total_world_time":81914,"minecraft:interact_with_furnace":57,"minecraft:sleep_in_bed":3,"minecraft:time_since_rest":11720,"minecraft:damage_taken":1452,"minecraft:damage_dealt":6792,"minecraft:swim_one_cm":46157,"minecraft:fly_one_cm":179445,"minecraft:open_chest":3,"minecraft:crouch_one_cm":20481,"minecraft:fall_one_cm":47855},"minecraft:mined":{"minecraft:tuff":15,"minecraft:deepslate_diamond_ore":3,"minecraft:cherry_log":38,"minecraft:sculk_vein":2,"minecraft:glow_lichen":1,"minecraft:granite":5,"minecraft:grass_block":5,"minecraft:hay_block":1,"minecraft:redstone_ore":1,"minecraft:furnace":9,"minecraft:iron_ore":50,"minecraft:fire":1,"minecraft:deepslate_lapis_ore":4,"minecraft:deepslate_iron_ore":15,"minecraft:stone":256,"minecraft:deepslate_redstone_ore":5,"minecraft:crafting_table":7,"minecraft:short_grass":11,"minecraft:emerald_ore":1,"minecraft:calcite":5,"minecraft:deepslate_gold_ore":8,"minecraft:lapis_ore":6,"minecraft:sculk":2,"minecraft:diorite":18,"minecraft:wall_torch":1,"minecraft:amethyst_block":5,"minecraft:yellow_bed":3,"minecraft:coal_ore":42,"minecraft:oak_log":49,"minecraft:cherry_leaves":8,"minecraft:dirt":26,"minecraft:gravel":1,"minecraft:smooth_basalt":2,"minecraft:oak_leaves":18,"minecraft:deepslate":89},"minecraft:crafted":{"minecraft:oak_planks":36,"minecraft:cooked_chicken":12,"minecraft:furnace":4,"minecraft:cooked_mutton":28,"minecraft:iron_boots":1,"minecraft:iron_axe":1,"minecraft:stone_pickaxe":1,"minecraft:cooked_porkchop":12,"minecraft:crafting_table":2,"minecraft:wooden_pickaxe":1,"minecraft:iron_helmet":1,"minecraft:iron_sword":1,"minecraft:bucket":1,"minecraft:stone_axe":1,"minecraft:air":0,"minecraft:oak_boat":1,"minecraft:iron_chestplate":1,"minecraft:shield":1,"minecraft:stick":24,"minecraft:iron_ingot":63,"minecraft:iron_pickaxe":3,"minecraft:stone_sword":1,"minecraft:gold_ingot":8,"minecraft:iron_leggings":1,"minecraft:torch":40},"minecraft:broken":{"minecraft:iron_pickaxe":1}},"DataVersion":3953}