{"stats":{"minecraft:used":{"minecraft:stone_sword":75,"minecraft:stone_pickaxe":90,"minecraft:shield":3,"minecraft:wooden_pickaxe":32,"minecraft:cooked_chicken":4,"minecraft:torch":3,"minecraft:dirt":14,"minecraft:crafting_table":4,"minecraft:apple":2,"minecraft:bread":1,"minecraft:iron_pickaxe":17,"minecraft:stone_axe":52,"minecraft:porkchop":1,"minecraft:furnace":3,"minecraft:cooked_porkchop":2,"minecraft:oak_boat":1,"minecraft:yellow_bed":1},"minecraft:picked_up":{"minecraft:crafting_table":3,"minecraft:feather":15,"minecraft:chicken":12,"minecraft:wooden_pickaxe":1,"minecraft:oak_log":49,"minecraft:yellow_bed":2,"minecraft:gunpowder":1,"minecraft:dirt":27,"minecraft:string":3,"minecraft:bone":2,"minecraft:apple":2,"minecraft:cooked_chicken":1,"minecraft:furnace":3,"minecraft:egg":3,"minecraft:stick":1,"minecraft:raw_iron":22,"minecraft:torch":1,"minecraft:porkchop":3,"minecraft:spider_eye":1,"minecraft:arrow":1,"minecraft:stone_axe":1,"minecraft:emerald":1,"minecraft:bread":1,"minecraft:oak_sapling":6,"minecraft:mutton":4,"minecraft:coal":59,"minecraft:cobblestone":59,"minecraft:white_wool":4},"minecraft:dropped":{"minecraft:stone_axe":1,"minecraft:cooked_chicken":1,"minecraft:feather":15,"minecraft:dirt":1,"minecraft:gunpowder":1,"minecraft:oak_sapling":6,"minecraft:spider_eye":1,"minecraft:stone_pickaxe":1,"minecraft:wooden_pickaxe":2,"minecraft:string":3,"minecraft:egg":3},"minecraft:killed":{"minecraft:pig":3,"minecraft:spider":3,"minecraft:creeper":1,"minecraft:skeleton":1,"minecraft:sheep":4,"minecraft:zombie":2,"minecraft:chicken":11,"minecraft:drowned":1},"minecraft:custom":{"minecraft:interact_with_furnace":22,"minecraft:mob_kills":26,"minecraft:interact_with_crafting_table":14,"minecraft:time_since_death":33914,"minecraft:sleep_in_bed":2,"minecraft:time_since_rest":2730,"minecraft:sprint_one_cm":88279,"minecraft:damage_taken":501,"minecraft:walk_one_cm":91944,"minecraft:damage_blocked_by_shield":165,"minecraft:drop":14,"minecraft:damage_dealt":2616,"minecraft:swim_one_cm":30146,"minecraft:fly_one_cm":84346,"minecraft:open_chest":2,"minecraft:crouch_one_cm":6031,"minecraft:play_time":33914,"minecraft:sneak_time":3324,"minecraft:walk_under_water_one_cm":2959,"minecraft:jump":615,"minecraft:walk_on_water_one_cm":1503,"minecraft:total_world_time":33914,"minecraft:fall_one_cm":15385},"minecraft:mined":{"minecraft:crafting_table":3,"minecraft:short_grass":7,"minecraft:emerald_ore":1,"minecraft:grass_block":4,"minecraft:wall_torch":1,"minecraft:hay_block":1,"minecraft:furnace":3,"minecraft:iron_ore":22,"minecraft:fire":1,"minecraft:yellow_bed":2,"minecraft:oak_log":49,"minecraft:coal_ore":42,"minecraft:dirt":22,"minecraft:stone":59,"minecraft:oak_leaves":18},"minecraft:crafted":{"minecraft:oak_planks":36,"minecraft:cooked_porkchop":2,"minecraft:crafting_table":2,"minecraft:iron_helmet":1,"minecraft:wooden_pickaxe":1,"minecraft:cooked_chicken":12,"minecraft:furnace":1,"minecraft:stone_axe":1,"minecraft:cooked_mutton":4,"minecraft:air":0,"minecraft:oak_boat":1,"minecraft:iron_boots":1,"minecraft:iron_chestplate":1,"minecraft:shield":1,"minecraft:stick":20,"minecraft:iron_ingot":22,"minecraft:iron_pickaxe":1,"minecraft:stone_pickaxe":1,"minecraft:stone_sword":1,"minecraft:torch":40}},"DataVersion":3953}