{"stats":{"minecraft:used":{"minecraft:red_sand":1},"minecraft:mined":{"minecraft:red_sand":1,"minecraft:dead_bush":2},"minecraft:custom":{"minecraft:jump":59,"minecraft:time_since_rest":10925,"minecraft:walk_on_water_one_cm":378,"minecraft:crouch_one_cm":604,"minecraft:leave_game":3,"minecraft:play_time":10925,"minecraft:sprint_one_cm":4000,"minecraft:damage_taken":20,"minecraft:time_since_death":10925,"minecraft:walk_one_cm":3634,"minecraft:sneak_time":565,"minecraft:total_world_time":10925,"minecraft:fall_one_cm":2494,"minecraft:fly_one_cm":206090},"minecraft:picked_up":{"minecraft:stick":3,"minecraft:red_sand":1}},"DataVersion":3953}