{"stats":{"minecraft:used":{"minecraft:red_sand":1},"minecraft:mined":{"minecraft:red_sand":1,"minecraft:dead_bush":2},"minecraft:custom":{"minecraft:jump":53,"minecraft:time_since_rest":2626,"minecraft:crouch_one_cm":604,"minecraft:leave_game":1,"minecraft:play_time":2626,"minecraft:sprint_one_cm":3741,"minecraft:damage_taken":20,"minecraft:time_since_death":2626,"minecraft:walk_one_cm":3324,"minecraft:sneak_time":103,"minecraft:total_world_time":2626,"minecraft:fall_one_cm":2494,"minecraft:fly_one_cm":10252},"minecraft:picked_up":{"minecraft:stick":3,"minecraft:red_sand":1}},"DataVersion":3953}