{"stats":{"minecraft:used":{"minecraft:stone_pickaxe":5,"minecraft:wooden_pickaxe":4,"minecraft:stone_axe":21,"minecraft:dirt":14,"minecraft:crafting_table":1},"minecraft:picked_up":{"minecraft:crafting_table":1,"minecraft:sweet_berries":4,"minecraft:oak_log":14,"minecraft:dirt":16,"minecraft:rotten_flesh":6,"minecraft:wheat_seeds":2,"minecraft:oak_sapling":1,"minecraft:chest":2,"minecraft:cobblestone":7},"minecraft:dropped":{"minecraft:sweet_berries":2,"minecraft:wheat_seeds":1,"minecraft:chest":2,"minecraft:rotten_flesh":4},"minecraft:killed":{"minecraft:zombie":3},"minecraft:custom":{"minecraft:time_since_rest":12547,"minecraft:sprint_one_cm":24571,"minecraft:damage_taken":210,"minecraft:walk_one_cm":24107,"minecraft:mob_kills":3,"minecraft:drop":6,"minecraft:damage_dealt":520,"minecraft:fly_one_cm":22680,"minecraft:interact_with_crafting_table":3,"minecraft:crouch_one_cm":1212,"minecraft:play_time":17022,"minecraft:deaths":1,"minecraft:sneak_time":289,"minecraft:jump":164,"minecraft:leave_game":4,"minecraft:time_since_death":12514,"minecraft:total_world_time":17022,"minecraft:fall_one_cm":3485},"minecraft:mined":{"minecraft:crafting_table":1,"minecraft:short_grass":2,"minecraft:grass_block":8,"minecraft:oak_log":14,"minecraft:dirt":8,"minecraft:stone":7,"minecraft:oak_leaves":10},"minecraft:crafted":{"minecraft:oak_planks":20,"minecraft:crafting_table":1,"minecraft:stick":8,"minecraft:wooden_pickaxe":1,"minecraft:stone_pickaxe":1,"minecraft:stone_axe":1}},"DataVersion":3953}