{"stats":{"minecraft:killed_by":{"minecraft:creeper":1,"minecraft:enderman":1,"minecraft:skeleton":5,"minecraft:zombie":2},"minecraft:dropped":{"minecraft:bread":8,"minecraft:iron_sword":1,"minecraft:wheat_seeds":3,"minecraft:granite":9,"minecraft:coal":1,"minecraft:emerald":5,"minecraft:stick":2,"minecraft:dirt":3,"minecraft:ink_sac":3,"minecraft:brown_wool":1,"minecraft:cooked_salmon":1,"minecraft:bone_meal":2,"minecraft:iron_pickaxe":2,"minecraft:string":181,"minecraft:white_wool":3,"minecraft:gravel":6,"minecraft:stone_axe":2,"minecraft:sweet_berries":2,"minecraft:stone_sword":1,"minecraft:cobbled_deepslate":1,"minecraft:rotten_flesh":11,"minecraft:iron_boots":1,"minecraft:white_bed":1,"minecraft:potato":48,"minecraft:iron_chestplate":2,"minecraft:chest":2,"minecraft:spider_eye":2,"minecraft:bow":1,"minecraft:wooden_pickaxe":1,"minecraft:stone_pickaxe":1,"minecraft:calcite":64,"minecraft:egg":3},"minecraft:broken":{"minecraft:stone_pickaxe":4,"minecraft:shield":1,"minecraft:iron_pickaxe":1},"minecraft:used":{"minecraft:stone_sword":123,"minecraft:spruce_planks":7,"minecraft:shield":108,"minecraft:iron_sword":180,"minecraft:stone_hoe":66,"minecraft:cooked_salmon":32,"minecraft:cooked_chicken":4,"minecraft:rotten_flesh":3,"minecraft:iron_chestplate":3,"minecraft:torch":6,"minecraft:dirt":24,"minecraft:mutton":26,"minecraft:carrot":2,"minecraft:tuff":9,"minecraft:iron_helmet":2,"minecraft:iron_boots":2,"minecraft:bow":8,"minecraft:beef":2,"minecraft:oak_sapling":1,"minecraft:furnace":13,"minecraft:egg":7,"minecraft:potato":47,"minecraft:cobbled_deepslate":113,"minecraft:iron_leggings":3,"minecraft:cooked_mutton":6,"minecraft:amethyst_block":30,"minecraft:cartography_table":8,"minecraft:oak_planks":6,"minecraft:stone_pickaxe":563,"minecraft:wooden_pickaxe":19,"minecraft:glow_berries":20,"minecraft:crafting_table":20,"minecraft:white_bed":2,"minecraft:diamond_pickaxe":64,"minecraft:bread":31,"minecraft:iron_pickaxe":635,"minecraft:stone_axe":244,"minecraft:cobblestone":116,"minecraft:porkchop":11,"minecraft:cooked_porkchop":21,"minecraft:bucket":1,"minecraft:oak_boat":2,"minecraft:bone_meal":39},"minecraft:custom":{"minecraft:mob_kills":192,"minecraft:open_barrel":1,"minecraft:interact_with_crafting_table":63,"minecraft:leave_game":15,"minecraft:time_since_death":84917,"minecraft:climb_one_cm":550,"minecraft:sprint_one_cm":902155,"minecraft:walk_one_cm":582127,"minecraft:damage_blocked_by_shield":7358,"minecraft:drop":51,"minecraft:talked_to_villager":24,"minecraft:play_time":282458,"minecraft:deaths":11,"minecraft:sneak_time":14475,"minecraft:walk_under_water_one_cm":29856,"minecraft:boat_one_cm":30,"minecraft:jump":7545,"minecraft:walk_on_water_one_cm":35923,"minecraft:total_world_time":282458,"minecraft:interact_with_furnace":115,"minecraft:traded_with_villager":38,"minecraft:interact_with_cartography_table":1,"minecraft:interact_with_loom":1,"minecraft:sleep_in_bed":4,"minecraft:time_since_rest":11250,"minecraft:damage_taken":8493,"minecraft:damage_dealt":22360,"minecraft:swim_one_cm":58711,"minecraft:fly_one_cm":1551791,"minecraft:open_chest":79,"minecraft:crouch_one_cm":24523,"minecraft:fall_one_cm":207245},"minecraft:mined":{"minecraft:large_amethyst_bud":5,"minecraft:tuff":16,"minecraft:white_bed":3,"minecraft:farmland":1,"minecraft:deepslate_diamond_ore":44,"minecraft:granite":17,"minecraft:budding_amethyst":4,"minecraft:grass_block":33,"minecraft:spruce_leaves":2,"minecraft:composter":1,"minecraft:cartography_table":8,"minecraft:spawner":1,"minecraft:hay_block":46,"minecraft:redstone_ore":3,"minecraft:furnace":10,"minecraft:carrots":10,"minecraft:iron_ore":135,"minecraft:cobbled_deepslate":3,"minecraft:fire":1,"minecraft:andesite":8,"minecraft:deepslate_lapis_ore":6,"minecraft:dirt_path":3,"minecraft:pointed_dripstone":2,"minecraft:potatoes":22,"minecraft:cave_vines":1,"minecraft:deepslate_iron_ore":54,"minecraft:rail":1,"minecraft:stone":346,"minecraft:deepslate_redstone_ore":39,"minecraft:amethyst_cluster":2,"minecraft:dandelion":1,"minecraft:powder_snow":12,"minecraft:clay":1,"minecraft:crafting_table":18,"minecraft:short_grass":20,"minecraft:calcite":49,"minecraft:chest":2,"minecraft:tall_grass":3,"minecraft:cobblestone":22,"minecraft:lapis_ore":9,"minecraft:deepslate_gold_ore":54,"minecraft:sugar_cane":8,"minecraft:oak_planks":10,"minecraft:diorite":20,"minecraft:wall_torch":1,"minecraft:amethyst_block":71,"minecraft:chain":1,"minecraft:wheat":19,"minecraft:spruce_log":6,"minecraft:birch_leaves":1,"minecraft:yellow_bed":1,"minecraft:oak_log":76,"minecraft:coal_ore":69,"minecraft:beetroots":3,"minecraft:loom":2,"minecraft:gravel":6,"minecraft:dirt":23,"minecraft:cobweb":2,"minecraft:smooth_basalt":2,"minecraft:gold_ore":1,"minecraft:oak_leaves":19,"minecraft:deepslate":246},"minecraft:picked_up":{"minecraft:crafting_table":22,"minecraft:iron_chestplate":13,"minecraft:wheat":6,"minecraft:chicken":19,"minecraft:wooden_pickaxe":4,"minecraft:chain":2,"minecraft:amethyst_block":81,"minecraft:string":183,"minecraft:cooked_salmon":30,"minecraft:iron_leggings":1,"minecraft:cartography_table":8,"minecraft:cobbled_deepslate":225,"minecraft:beef":4,"minecraft:oak_boat":3,"minecraft:calcite":49,"minecraft:poppy":2,"minecraft:iron_pickaxe":2,"minecraft:sugar_cane":14,"minecraft:chest":4,"minecraft:iron_boots":2,"minecraft:furnace":13,"minecraft:egg":16,"minecraft:stick":12,"minecraft:raw_iron":263,"minecraft:composter":1,"minecraft:torch":2,"minecraft:porkchop":64,"minecraft:pointed_dripstone":5,"minecraft:carrot":15,"minecraft:redstone":246,"minecraft:arrow":50,"minecraft:stone_sword":2,"minecraft:rotten_flesh":39,"minecraft:beetroot_seeds":3,"minecraft:hay_block":47,"minecraft:glow_berries":20,"minecraft:mutton":50,"minecraft:cobblestone":324,"minecraft:rail":2,"minecraft:white_wool":66,"minecraft:feather":24,"minecraft:salmon":52,"minecraft:brown_wool":2,"minecraft:leather":4,"minecraft:potato":82,"minecraft:flint":1,"minecraft:tuff":14,"minecraft:oak_log":84,"minecraft:yellow_bed":1,"minecraft:gunpowder":2,"minecraft:lapis_lazuli":82,"minecraft:dirt":67,"minecraft:bone":34,"minecraft:bow":2,"minecraft:wheat_seeds":36,"minecraft:raw_gold":53,"minecraft:stone_pickaxe":5,"minecraft:iron_ingot":7,"minecraft:iron_sword":1,"minecraft:oak_planks":64,"minecraft:sweet_berries":4,"minecraft:gravel":11,"minecraft:amethyst_shard":8,"minecraft:ink_sac":3,"minecraft:loom":2,"minecraft:white_bed":4,"minecraft:spruce_log":6,"minecraft:spider_eye":3,"minecraft:slime_ball":16,"minecraft:diamond":43,"minecraft:stone_axe":6,"minecraft:granite":16,"minecraft:bone_meal":2,"minecraft:gray_wool":2,"minecraft:emerald":4,"minecraft:bread":9,"minecraft:oak_sapling":3,"minecraft:black_wool":1,"minecraft:coal":84},"minecraft:crafted":{"minecraft:oak_planks":124,"minecraft:cooked_chicken":4,"minecraft:furnace":10,"minecraft:bone_meal":39,"minecraft:cooked_mutton":20,"minecraft:bow":1,"minecraft:iron_boots":1,"minecraft:stone_pickaxe":8,"minecraft:filled_map":13,"minecraft:stone_hoe":1,"minecraft:wheat":270,"minecraft:emerald":8,"minecraft:cooked_porkchop":12,"minecraft:map":17,"minecraft:crafting_table":6,"minecraft:spruce_planks":24,"minecraft:wooden_pickaxe":5,"minecraft:iron_helmet":2,"minecraft:iron_sword":1,"minecraft:cooked_salmon":33,"minecraft:bucket":1,"minecraft:stone_axe":4,"minecraft:bread":64,"minecraft:air":0,"minecraft:oak_boat":1,"minecraft:iron_chestplate":2,"minecraft:diamond_pickaxe":1,"minecraft:shield":4,"minecraft:stick":72,"minecraft:compass":13,"minecraft:iron_ingot":121,"minecraft:iron_pickaxe":1,"minecraft:stone_sword":4,"minecraft:iron_leggings":2,"minecraft:torch":16},"minecraft:killed":{"minecraft:spider":5,"minecraft:slime":20,"minecraft:skeleton":24,"minecraft:chicken":12,"minecraft:pig":27,"minecraft:zombie_villager":1,"minecraft:salmon":25,"minecraft:creeper":2,"minecraft:sheep":32,"minecraft:zombie":38,"minecraft:cow":1,"minecraft:enderman":3}},"DataVersion":3953}