{"stats":{"minecraft:killed_by":{"minecraft:creeper":1,"minecraft:enderman":1,"minecraft:skeleton":5,"minecraft:zombie":2},"minecraft:dropped":{"minecraft:bread":1,"minecraft:iron_sword":1,"minecraft:wheat_seeds":3,"minecraft:coal":1,"minecraft:dirt":3,"minecraft:ink_sac":3,"minecraft:brown_wool":1,"minecraft:bone_meal":2,"minecraft:iron_pickaxe":2,"minecraft:white_wool":3,"minecraft:gravel":6,"minecraft:sweet_berries":2,"minecraft:stone_sword":1,"minecraft:cobbled_deepslate":1,"minecraft:rotten_flesh":9,"minecraft:white_bed":1,"minecraft:chest":2,"minecraft:wooden_pickaxe":1,"minecraft:stone_pickaxe":1,"minecraft:calcite":64,"minecraft:egg":3},"minecraft:broken":{"minecraft:stone_pickaxe":4,"minecraft:shield":1},"minecraft:used":{"minecraft:stone_sword":123,"minecraft:shield":98,"minecraft:iron_sword":140,"minecraft:cooked_salmon":13,"minecraft:cooked_chicken":4,"minecraft:rotten_flesh":3,"minecraft:iron_chestplate":3,"minecraft:torch":6,"minecraft:dirt":22,"minecraft:mutton":26,"minecraft:iron_helmet":2,"minecraft:iron_boots":1,"minecraft:bow":1,"minecraft:beef":2,"minecraft:oak_sapling":1,"minecraft:furnace":13,"minecraft:egg":7,"minecraft:cobbled_deepslate":37,"minecraft:iron_leggings":3,"minecraft:cooked_mutton":6,"minecraft:stone_pickaxe":563,"minecraft:wooden_pickaxe":19,"minecraft:glow_berries":7,"minecraft:crafting_table":17,"minecraft:white_bed":2,"minecraft:bread":20,"minecraft:iron_pickaxe":482,"minecraft:stone_axe":224,"minecraft:cobblestone":116,"minecraft:porkchop":11,"minecraft:cooked_porkchop":21,"minecraft:bucket":1,"minecraft:oak_boat":2},"minecraft:custom":{"minecraft:mob_kills":172,"minecraft:interact_with_crafting_table":48,"minecraft:leave_game":14,"minecraft:time_since_death":26022,"minecraft:climb_one_cm":550,"minecraft:sprint_one_cm":732463,"minecraft:walk_one_cm":467410,"minecraft:damage_blocked_by_shield":6698,"minecraft:drop":29,"minecraft:talked_to_villager":1,"minecraft:play_time":223563,"minecraft:deaths":11,"minecraft:sneak_time":11748,"minecraft:walk_under_water_one_cm":29251,"minecraft:boat_one_cm":30,"minecraft:jump":5605,"minecraft:walk_on_water_one_cm":31998,"minecraft:total_world_time":223563,"minecraft:interact_with_furnace":103,"minecraft:sleep_in_bed":2,"minecraft:time_since_rest":26233,"minecraft:damage_taken":7004,"minecraft:damage_dealt":20563,"minecraft:swim_one_cm":52024,"minecraft:fly_one_cm":1261458,"minecraft:open_chest":9,"minecraft:crouch_one_cm":18227,"minecraft:fall_one_cm":146717},"minecraft:mined":{"minecraft:large_amethyst_bud":5,"minecraft:tuff":12,"minecraft:white_bed":3,"minecraft:deepslate_diamond_ore":38,"minecraft:granite":9,"minecraft:budding_amethyst":4,"minecraft:grass_block":20,"minecraft:spawner":1,"minecraft:hay_block":17,"minecraft:redstone_ore":3,"minecraft:furnace":10,"minecraft:carrots":8,"minecraft:iron_ore":134,"minecraft:fire":1,"minecraft:andesite":8,"minecraft:deepslate_lapis_ore":6,"minecraft:pointed_dripstone":2,"minecraft:potatoes":4,"minecraft:deepslate_iron_ore":54,"minecraft:rail":1,"minecraft:stone":288,"minecraft:deepslate_redstone_ore":35,"minecraft:amethyst_cluster":2,"minecraft:dandelion":1,"minecraft:clay":1,"minecraft:crafting_table":16,"minecraft:short_grass":20,"minecraft:calcite":49,"minecraft:chest":2,"minecraft:tall_grass":3,"minecraft:cobblestone":20,"minecraft:lapis_ore":9,"minecraft:deepslate_gold_ore":49,"minecraft:sugar_cane":6,"minecraft:oak_planks":10,"minecraft:wall_torch":1,"minecraft:amethyst_block":51,"minecraft:chain":1,"minecraft:wheat":18,"minecraft:birch_leaves":1,"minecraft:yellow_bed":1,"minecraft:oak_log":76,"minecraft:coal_ore":47,"minecraft:beetroots":3,"minecraft:gravel":6,"minecraft:dirt":12,"minecraft:cobweb":2,"minecraft:smooth_basalt":2,"minecraft:gold_ore":1,"minecraft:oak_leaves":17,"minecraft:deepslate":191},"minecraft:picked_up":{"minecraft:iron_chestplate":1,"minecraft:crafting_table":20,"minecraft:wheat":6,"minecraft:chicken":19,"minecraft:wooden_pickaxe":4,"minecraft:chain":1,"minecraft:amethyst_block":51,"minecraft:string":4,"minecraft:cooked_salmon":30,"minecraft:iron_leggings":1,"minecraft:cobbled_deepslate":168,"minecraft:beef":4,"minecraft:oak_boat":3,"minecraft:calcite":49,"minecraft:iron_pickaxe":2,"minecraft:sugar_cane":14,"minecraft:chest":4,"minecraft:egg":16,"minecraft:furnace":13,"minecraft:stick":12,"minecraft:raw_iron":262,"minecraft:torch":2,"minecraft:porkchop":64,"minecraft:pointed_dripstone":5,"minecraft:carrot":9,"minecraft:redstone":227,"minecraft:stone_sword":1,"minecraft:arrow":36,"minecraft:rotten_flesh":33,"minecraft:beetroot_seeds":3,"minecraft:hay_block":18,"minecraft:glow_berries":20,"minecraft:mutton":50,"minecraft:rail":2,"minecraft:cobblestone":322,"minecraft:white_wool":66,"minecraft:feather":24,"minecraft:salmon":52,"minecraft:brown_wool":2,"minecraft:leather":4,"minecraft:potato":4,"minecraft:flint":1,"minecraft:tuff":10,"minecraft:oak_log":84,"minecraft:yellow_bed":1,"minecraft:gunpowder":2,"minecraft:lapis_lazuli":82,"minecraft:dirt":46,"minecraft:bone":29,"minecraft:bow":2,"minecraft:wheat_seeds":34,"minecraft:raw_gold":50,"minecraft:stone_pickaxe":5,"minecraft:iron_ingot":3,"minecraft:iron_sword":1,"minecraft:oak_planks":64,"minecraft:sweet_berries":4,"minecraft:gravel":11,"minecraft:amethyst_shard":8,"minecraft:ink_sac":3,"minecraft:white_bed":4,"minecraft:spider_eye":2,"minecraft:slime_ball":4,"minecraft:diamond":37,"minecraft:stone_axe":4,"minecraft:granite":8,"minecraft:bone_meal":2,"minecraft:gray_wool":2,"minecraft:oak_sapling":3,"minecraft:coal":62,"minecraft:black_wool":1},"minecraft:crafted":{"minecraft:oak_planks":124,"minecraft:cooked_chicken":4,"minecraft:furnace":10,"minecraft:cooked_mutton":20,"minecraft:iron_boots":1,"minecraft:stone_pickaxe":8,"minecraft:wheat":108,"minecraft:cooked_porkchop":12,"minecraft:crafting_table":6,"minecraft:wooden_pickaxe":5,"minecraft:iron_helmet":1,"minecraft:iron_sword":1,"minecraft:cooked_salmon":33,"minecraft:bucket":1,"minecraft:stone_axe":4,"minecraft:bread":38,"minecraft:air":0,"minecraft:oak_boat":1,"minecraft:iron_chestplate":2,"minecraft:shield":3,"minecraft:stick":64,"minecraft:iron_ingot":62,"minecraft:iron_pickaxe":1,"minecraft:stone_sword":4,"minecraft:iron_leggings":2,"minecraft:torch":16},"minecraft:killed":{"minecraft:spider":5,"minecraft:slime":7,"minecraft:skeleton":20,"minecraft:chicken":12,"minecraft:pig":27,"minecraft:zombie_villager":1,"minecraft:salmon":25,"minecraft:creeper":2,"minecraft:sheep":32,"minecraft:zombie":35,"minecraft:cow":1,"minecraft:enderman":3}},"DataVersion":3953}