{"stats":{"minecraft:killed_by":{"minecraft:creeper":1,"minecraft:enderman":1,"minecraft:skeleton":5,"minecraft:zombie":3},"minecraft:dropped":{"minecraft:bread":25,"minecraft:iron_sword":1,"minecraft:wheat_seeds":3,"minecraft:granite":9,"minecraft:chainmail_helmet":1,"minecraft:golden_apple":1,"minecraft:coal":1,"minecraft:emerald":5,"minecraft:stick":2,"minecraft:dirt":3,"minecraft:ink_sac":3,"minecraft:brown_wool":1,"minecraft:cooked_salmon":1,"minecraft:bone_meal":2,"minecraft:iron_pickaxe":3,"minecraft:string":322,"minecraft:white_wool":3,"minecraft:gravel":6,"minecraft:stone_axe":2,"minecraft:sweet_berries":2,"minecraft:stone_sword":1,"minecraft:cobbled_deepslate":1,"minecraft:rotten_flesh":11,"minecraft:iron_boots":1,"minecraft:white_bed":1,"minecraft:filled_map":3,"minecraft:diamond_sword":2,"minecraft:potato":48,"minecraft:shield":1,"minecraft:iron_chestplate":2,"minecraft:chest":2,"minecraft:spider_eye":2,"minecraft:bow":1,"minecraft:wooden_pickaxe":1,"minecraft:stone_pickaxe":1,"minecraft:calcite":64,"minecraft:egg":3},"minecraft:broken":{"minecraft:stone_pickaxe":4,"minecraft:shield":1,"minecraft:iron_pickaxe":1},"minecraft:used":{"minecraft:stone_sword":123,"minecraft:spruce_planks":7,"minecraft:shield":123,"minecraft:iron_sword":256,"minecraft:stone_hoe":66,"minecraft:cooked_salmon":32,"minecraft:cooked_chicken":4,"minecraft:rotten_flesh":3,"minecraft:trial_key":1,"minecraft:iron_chestplate":3,"minecraft:torch":8,"minecraft:dirt":54,"minecraft:mutton":26,"minecraft:carrot":10,"minecraft:diamond_helmet":1,"minecraft:tuff":9,"minecraft:iron_helmet":2,"minecraft:iron_boots":2,"minecraft:diamond_chestplate":1,"minecraft:bow":8,"minecraft:beef":2,"minecraft:oak_sapling":1,"minecraft:furnace":13,"minecraft:egg":7,"minecraft:potato":64,"minecraft:cobbled_deepslate":113,"minecraft:iron_leggings":3,"minecraft:cooked_mutton":14,"minecraft:water_bucket":4,"minecraft:diamond_boots":1,"minecraft:amethyst_block":30,"minecraft:baked_potato":14,"minecraft:cartography_table":8,"minecraft:oak_planks":6,"minecraft:stone_pickaxe":563,"minecraft:wooden_pickaxe":19,"minecraft:glow_berries":20,"minecraft:crafting_table":21,"minecraft:white_bed":2,"minecraft:diamond_pickaxe":462,"minecraft:bread":32,"minecraft:iron_pickaxe":721,"minecraft:stone_axe":244,"minecraft:diamond_sword":19,"minecraft:cobblestone":148,"minecraft:porkchop":11,"minecraft:cooked_porkchop":25,"minecraft:bucket":6,"minecraft:oak_boat":2,"minecraft:diamond_leggings":1,"minecraft:bone_meal":39},"minecraft:custom":{"minecraft:mob_kills":226,"minecraft:open_barrel":6,"minecraft:interact_with_crafting_table":74,"minecraft:leave_game":15,"minecraft:time_since_death":36755,"minecraft:climb_one_cm":976,"minecraft:sprint_one_cm":1055304,"minecraft:walk_one_cm":699184,"minecraft:damage_blocked_by_shield":7983,"minecraft:drop":67,"minecraft:talked_to_villager":54,"minecraft:play_time":342458,"minecraft:deaths":12,"minecraft:sneak_time":20543,"minecraft:walk_under_water_one_cm":35884,"minecraft:boat_one_cm":30,"minecraft:jump":9061,"minecraft:walk_on_water_one_cm":42461,"minecraft:total_world_time":342458,"minecraft:interact_with_furnace":134,"minecraft:traded_with_villager":48,"minecraft:interact_with_cartography_table":3,"minecraft:interact_with_loom":1,"minecraft:sleep_in_bed":7,"minecraft:time_since_rest":18217,"minecraft:damage_taken":10452,"minecraft:damage_dealt":27309,"minecraft:swim_one_cm":65895,"minecraft:fly_one_cm":2098529,"minecraft:open_chest":134,"minecraft:crouch_one_cm":32536,"minecraft:fall_one_cm":269561,"minecraft:inspect_dispenser":2},"minecraft:mined":{"minecraft:large_amethyst_bud":5,"minecraft:tuff":25,"minecraft:white_bed":3,"minecraft:farmland":1,"minecraft:deepslate_diamond_ore":44,"minecraft:sculk_vein":1,"minecraft:granite":83,"minecraft:budding_amethyst":4,"minecraft:grass_block":34,"minecraft:tuff_bricks":1,"minecraft:spruce_leaves":2,"minecraft:composter":1,"minecraft:cartography_table":8,"minecraft:spawner":1,"minecraft:hay_block":46,"minecraft:redstone_ore":3,"minecraft:furnace":11,"minecraft:carrots":11,"minecraft:iron_ore":141,"minecraft:cobbled_deepslate":3,"minecraft:fire":1,"minecraft:polished_tuff":1,"minecraft:andesite":21,"minecraft:deepslate_lapis_ore":6,"minecraft:dirt_path":3,"minecraft:pointed_dripstone":2,"minecraft:potatoes":39,"minecraft:cave_vines":1,"minecraft:deepslate_iron_ore":54,"minecraft:rail":1,"minecraft:packed_ice":4,"minecraft:stone":491,"minecraft:deepslate_redstone_ore":41,"minecraft:amethyst_cluster":2,"minecraft:dandelion":1,"minecraft:powder_snow":24,"minecraft:clay":1,"minecraft:crafting_table":18,"minecraft:torch":1,"minecraft:short_grass":21,"minecraft:calcite":49,"minecraft:chest":2,"minecraft:tall_grass":3,"minecraft:cobblestone":22,"minecraft:lapis_ore":9,"minecraft:deepslate_gold_ore":69,"minecraft:sugar_cane":8,"minecraft:oak_planks":10,"minecraft:sculk":16,"minecraft:diorite":47,"minecraft:wall_torch":1,"minecraft:amethyst_block":71,"minecraft:chain":1,"minecraft:ice":2,"minecraft:wheat":19,"minecraft:spruce_log":6,"minecraft:waxed_copper_block":2,"minecraft:birch_leaves":3,"minecraft:yellow_bed":1,"minecraft:oak_log":78,"minecraft:coal_ore":75,"minecraft:beetroots":3,"minecraft:waxed_oxidized_copper":1,"minecraft:loom":2,"minecraft:gravel":6,"minecraft:dirt":39,"minecraft:cobweb":2,"minecraft:smooth_basalt":4,"minecraft:gold_ore":1,"minecraft:oak_leaves":27,"minecraft:deepslate":403,"minecraft:infested_stone":5},"minecraft:picked_up":{"minecraft:crafting_table":22,"minecraft:iron_chestplate":13,"minecraft:wheat":6,"minecraft:chicken":19,"minecraft:diamond_sword":1,"minecraft:wooden_pickaxe":4,"minecraft:chain":2,"minecraft:shield":1,"minecraft:amethyst_block":81,"minecraft:string":277,"minecraft:cooked_salmon":30,"minecraft:iron_leggings":1,"minecraft:diamond_leggings":1,"minecraft:cartography_table":8,"minecraft:cobbled_deepslate":435,"minecraft:trial_key":2,"minecraft:beef":4,"minecraft:oak_boat":3,"minecraft:calcite":49,"minecraft:poppy":2,"minecraft:iron_pickaxe":2,"minecraft:waxed_oxidized_copper":1,"minecraft:sugar_cane":14,"minecraft:chest":4,"minecraft:iron_boots":2,"minecraft:furnace":14,"minecraft:egg":16,"minecraft:stick":12,"minecraft:raw_iron":272,"minecraft:composter":1,"minecraft:torch":3,"minecraft:porkchop":64,"minecraft:pointed_dripstone":5,"minecraft:diorite":27,"minecraft:carrot":20,"minecraft:redstone":264,"minecraft:honey_bottle":2,"minecraft:diamond_chestplate":1,"minecraft:arrow":55,"minecraft:stone_sword":2,"minecraft:rotten_flesh":51,"minecraft:beetroot_seeds":3,"minecraft:diamond_boots":1,"minecraft:hay_block":47,"minecraft:tuff_bricks":1,"minecraft:glow_berries":20,"minecraft:mutton":59,"minecraft:cobblestone":467,"minecraft:rail":2,"minecraft:white_wool":75,"minecraft:feather":24,"minecraft:andesite":13,"minecraft:salmon":52,"minecraft:brown_wool":2,"minecraft:leather":4,"minecraft:filled_map":2,"minecraft:potato":146,"minecraft:flint":1,"minecraft:waxed_copper_block":2,"minecraft:tuff":23,"minecraft:oak_log":86,"minecraft:yellow_bed":1,"minecraft:gunpowder":2,"minecraft:lapis_lazuli":82,"minecraft:dirt":84,"minecraft:bone":36,"minecraft:bow":3,"minecraft:wheat_seeds":36,"minecraft:raw_gold":68,"minecraft:stone_pickaxe":5,"minecraft:iron_ingot":25,"minecraft:diamond_helmet":1,"minecraft:iron_sword":1,"minecraft:oak_planks":64,"minecraft:smooth_basalt":2,"minecraft:sweet_berries":4,"minecraft:gravel":11,"minecraft:amethyst_shard":8,"minecraft:ink_sac":3,"minecraft:loom":2,"minecraft:white_bed":4,"minecraft:spruce_log":6,"minecraft:spider_eye":3,"minecraft:slime_ball":16,"minecraft:diamond":43,"minecraft:stone_axe":6,"minecraft:breeze_rod":3,"minecraft:granite":82,"minecraft:bone_meal":2,"minecraft:gray_wool":2,"minecraft:chainmail_helmet":1,"minecraft:emerald":17,"minecraft:bread":10,"minecraft:oak_sapling":3,"minecraft:black_wool":1,"minecraft:coal":90},"minecraft:crafted":{"minecraft:cherry_planks":8,"minecraft:oak_planks":156,"minecraft:barrel":2,"minecraft:cooked_chicken":4,"minecraft:furnace":10,"minecraft:bone_meal":39,"minecraft:cooked_mutton":20,"minecraft:bow":1,"minecraft:iron_boots":1,"minecraft:stone_pickaxe":8,"minecraft:filled_map":14,"minecraft:stone_hoe":1,"minecraft:wheat":369,"minecraft:oak_slab":6,"minecraft:diamond_sword":2,"minecraft:emerald":17,"minecraft:cooked_porkchop":12,"minecraft:map":17,"minecraft:crafting_table":7,"minecraft:spruce_planks":24,"minecraft:baked_potato":24,"minecraft:wooden_pickaxe":5,"minecraft:iron_helmet":2,"minecraft:iron_sword":1,"minecraft:cooked_salmon":33,"minecraft:bucket":2,"minecraft:stone_axe":4,"minecraft:bread":97,"minecraft:air":0,"minecraft:oak_boat":1,"minecraft:iron_chestplate":2,"minecraft:golden_apple":4,"minecraft:diamond_pickaxe":1,"minecraft:shield":6,"minecraft:stick":88,"minecraft:compass":14,"minecraft:iron_ingot":124,"minecraft:iron_pickaxe":3,"minecraft:stone_sword":4,"minecraft:iron_leggings":2,"minecraft:torch":28},"minecraft:killed":{"minecraft:spider":6,"minecraft:slime":20,"minecraft:skeleton":28,"minecraft:chicken":12,"minecraft:silverfish":8,"minecraft:pig":27,"minecraft:zombie_villager":1,"minecraft:salmon":25,"minecraft:creeper":2,"minecraft:sheep":36,"minecraft:zombie":52,"minecraft:breeze":3,"minecraft:cow":1,"minecraft:enderman":3}},"DataVersion":3953}