{"stats":{"minecraft:used":{"minecraft:stone_sword":63,"minecraft:stone_pickaxe":370,"minecraft:wooden_pickaxe":13,"minecraft:shield":12,"minecraft:rotten_flesh":3,"minecraft:iron_chestplate":1,"minecraft:torch":1,"minecraft:dirt":22,"minecraft:mutton":2,"minecraft:crafting_table":10,"minecraft:white_bed":2,"minecraft:bread":20,"minecraft:iron_pickaxe":46,"minecraft:iron_helmet":1,"minecraft:stone_axe":155,"minecraft:cobblestone":42,"minecraft:furnace":6,"minecraft:porkchop":7,"minecraft:cooked_porkchop":9,"minecraft:bucket":1,"minecraft:egg":3,"minecraft:iron_leggings":1},"minecraft:picked_up":{"minecraft:crafting_table":11,"minecraft:wheat":6,"minecraft:feather":3,"minecraft:chicken":4,"minecraft:brown_wool":2,"minecraft:wooden_pickaxe":3,"minecraft:potato":4,"minecraft:flint":1,"minecraft:tuff":3,"minecraft:oak_log":80,"minecraft:yellow_bed":1,"minecraft:gunpowder":2,"minecraft:lapis_lazuli":22,"minecraft:dirt":44,"minecraft:bone":9,"minecraft:bow":1,"minecraft:wheat_seeds":30,"minecraft:cobbled_deepslate":61,"minecraft:raw_gold":2,"minecraft:stone_pickaxe":3,"minecraft:sugar_cane":14,"minecraft:chest":4,"minecraft:oak_planks":27,"minecraft:furnace":4,"minecraft:egg":11,"minecraft:stick":10,"minecraft:raw_iron":76,"minecraft:sweet_berries":4,"minecraft:torch":1,"minecraft:gravel":11,"minecraft:porkchop":29,"minecraft:pointed_dripstone":5,"minecraft:white_bed":3,"minecraft:carrot":9,"minecraft:stone_sword":1,"minecraft:arrow":6,"minecraft:rotten_flesh":24,"minecraft:diamond":10,"minecraft:stone_axe":2,"minecraft:beetroot_seeds":3,"minecraft:hay_block":18,"minecraft:granite":6,"minecraft:oak_sapling":2,"minecraft:black_wool":1,"minecraft:mutton":19,"minecraft:coal":47,"minecraft:white_wool":16,"minecraft:cobblestone":221},"minecraft:dropped":{"minecraft:gravel":6,"minecraft:bread":1,"minecraft:sweet_berries":2,"minecraft:wheat_seeds":1,"minecraft:stone_sword":1,"minecraft:rotten_flesh":4,"minecraft:dirt":2,"minecraft:brown_wool":1,"minecraft:chest":2,"minecraft:stone_pickaxe":1,"minecraft:white_wool":3,"minecraft:egg":3},"minecraft:killed":{"minecraft:pig":16,"minecraft:creeper":2,"minecraft:sheep":13,"minecraft:skeleton":3,"minecraft:zombie":14,"minecraft:chicken":4},"minecraft:custom":{"minecraft:interact_with_furnace":46,"minecraft:mob_kills":52,"minecraft:interact_with_crafting_table":31,"minecraft:leave_game":8,"minecraft:time_since_death":40956,"minecraft:sleep_in_bed":2,"minecraft:climb_one_cm":550,"minecraft:time_since_rest":21612,"minecraft:sprint_one_cm":300035,"minecraft:damage_taken":2790,"minecraft:walk_one_cm":218306,"minecraft:damage_blocked_by_shield":1213,"minecraft:drop":15,"minecraft:damage_dealt":6956,"minecraft:swim_one_cm":15306,"minecraft:talked_to_villager":1,"minecraft:fly_one_cm":427759,"minecraft:open_chest":9,"minecraft:play_time":99648,"minecraft:crouch_one_cm":6692,"minecraft:deaths":6,"minecraft:sneak_time":3097,"minecraft:walk_under_water_one_cm":1953,"minecraft:jump":2700,"minecraft:walk_on_water_one_cm":8998,"minecraft:total_world_time":99648,"minecraft:fall_one_cm":74250},"minecraft:mined":{"minecraft:tuff":3,"minecraft:white_bed":3,"minecraft:deepslate_diamond_ore":10,"minecraft:clay":1,"minecraft:crafting_table":9,"minecraft:granite":6,"minecraft:short_grass":15,"minecraft:grass_block":19,"minecraft:chest":2,"minecraft:tall_grass":1,"minecraft:cobblestone":9,"minecraft:deepslate_gold_ore":1,"minecraft:lapis_ore":1,"minecraft:sugar_cane":6,"minecraft:spawner":1,"minecraft:hay_block":17,"minecraft:furnace":4,"minecraft:carrots":8,"minecraft:iron_ore":65,"minecraft:wheat":18,"minecraft:fire":1,"minecraft:andesite":8,"minecraft:birch_leaves":1,"minecraft:deepslate_lapis_ore":3,"minecraft:yellow_bed":1,"minecraft:pointed_dripstone":2,"minecraft:potatoes":4,"minecraft:oak_log":72,"minecraft:coal_ore":36,"minecraft:beetroots":3,"minecraft:deepslate_iron_ore":11,"minecraft:gravel":5,"minecraft:dirt":12,"minecraft:stone":207,"minecraft:gold_ore":1,"minecraft:oak_leaves":17,"minecraft:deepslate":57},"minecraft:killed_by":{"minecraft:skeleton":3,"minecraft:creeper":1,"minecraft:zombie":1},"minecraft:crafted":{"minecraft:oak_planks":108,"minecraft:cooked_porkchop":11,"minecraft:crafting_table":4,"minecraft:iron_helmet":1,"minecraft:wooden_pickaxe":4,"minecraft:cooked_chicken":4,"minecraft:furnace":4,"minecraft:stone_axe":3,"minecraft:bread":38,"minecraft:air":0,"minecraft:iron_boots":1,"minecraft:iron_chestplate":2,"minecraft:shield":2,"minecraft:stick":44,"minecraft:iron_ingot":48,"minecraft:iron_pickaxe":1,"minecraft:stone_pickaxe":6,"minecraft:stone_sword":3,"minecraft:iron_leggings":2,"minecraft:torch":16,"minecraft:wheat":108},"minecraft:broken":{"minecraft:stone_pickaxe":3}},"DataVersion":3953}