{"stats":{"minecraft:used":{"minecraft:stone_sword":23,"minecraft:stone_pickaxe":86,"minecraft:wooden_pickaxe":4,"minecraft:shield":2,"minecraft:iron_chestplate":1,"minecraft:torch":1,"minecraft:dirt":21,"minecraft:mutton":2,"minecraft:crafting_table":4,"minecraft:bread":20,"minecraft:stone_axe":88,"minecraft:cobblestone":9,"minecraft:furnace":2,"minecraft:porkchop":2,"minecraft:bucket":1,"minecraft:egg":2,"minecraft:iron_leggings":1},"minecraft:picked_up":{"minecraft:crafting_table":6,"minecraft:wheat":6,"minecraft:brown_wool":2,"minecraft:wooden_pickaxe":2,"minecraft:potato":4,"minecraft:oak_log":23,"minecraft:yellow_bed":1,"minecraft:gunpowder":1,"minecraft:dirt":34,"minecraft:bone":2,"minecraft:wheat_seeds":30,"minecraft:stone_pickaxe":3,"minecraft:sugar_cane":4,"minecraft:chest":4,"minecraft:oak_planks":18,"minecraft:egg":7,"minecraft:furnace":2,"minecraft:stick":4,"minecraft:raw_iron":18,"minecraft:sweet_berries":4,"minecraft:torch":1,"minecraft:porkchop":14,"minecraft:carrot":8,"minecraft:rotten_flesh":19,"minecraft:stone_axe":2,"minecraft:beetroot_seeds":3,"minecraft:hay_block":18,"minecraft:oak_sapling":2,"minecraft:mutton":10,"minecraft:coal":21,"minecraft:white_wool":9,"minecraft:cobblestone":52},"minecraft:dropped":{"minecraft:bread":1,"minecraft:sweet_berries":2,"minecraft:wheat_seeds":1,"minecraft:rotten_flesh":4,"minecraft:dirt":2,"minecraft:brown_wool":1,"minecraft:chest":2,"minecraft:stone_pickaxe":1,"minecraft:white_wool":3},"minecraft:killed":{"minecraft:pig":8,"minecraft:creeper":1,"minecraft:sheep":5,"minecraft:skeleton":1,"minecraft:zombie":9},"minecraft:custom":{"minecraft:interact_with_furnace":10,"minecraft:mob_kills":24,"minecraft:interact_with_crafting_table":12,"minecraft:leave_game":5,"minecraft:time_since_death":4201,"minecraft:climb_one_cm":550,"minecraft:time_since_rest":4267,"minecraft:sprint_one_cm":148324,"minecraft:damage_taken":1763,"minecraft:walk_one_cm":93124,"minecraft:damage_blocked_by_shield":120,"minecraft:drop":11,"minecraft:damage_dealt":3725,"minecraft:talked_to_villager":1,"minecraft:swim_one_cm":2789,"minecraft:fly_one_cm":219617,"minecraft:open_chest":8,"minecraft:play_time":46555,"minecraft:crouch_one_cm":3300,"minecraft:deaths":4,"minecraft:sneak_time":1541,"minecraft:walk_under_water_one_cm":352,"minecraft:jump":1225,"minecraft:walk_on_water_one_cm":4547,"minecraft:total_world_time":46555,"minecraft:fall_one_cm":35429},"minecraft:mined":{"minecraft:clay":1,"minecraft:crafting_table":4,"minecraft:short_grass":14,"minecraft:grass_block":16,"minecraft:chest":2,"minecraft:sugar_cane":1,"minecraft:spawner":1,"minecraft:hay_block":17,"minecraft:furnace":2,"minecraft:carrots":8,"minecraft:iron_ore":18,"minecraft:wheat":18,"minecraft:fire":1,"minecraft:birch_leaves":1,"minecraft:yellow_bed":1,"minecraft:oak_log":14,"minecraft:potatoes":4,"minecraft:coal_ore":17,"minecraft:beetroots":3,"minecraft:dirt":11,"minecraft:stone":50,"minecraft:oak_leaves":17},"minecraft:killed_by":{"minecraft:skeleton":2,"minecraft:creeper":1},"minecraft:crafted":{"minecraft:oak_planks":20,"minecraft:crafting_table":1,"minecraft:wooden_pickaxe":1,"minecraft:furnace":2,"minecraft:stone_axe":1,"minecraft:bread":38,"minecraft:air":0,"minecraft:iron_chestplate":1,"minecraft:shield":1,"minecraft:stick":12,"minecraft:iron_ingot":16,"minecraft:stone_pickaxe":2,"minecraft:stone_sword":1,"minecraft:iron_leggings":1,"minecraft:torch":16,"minecraft:wheat":108},"minecraft:broken":{"minecraft:stone_pickaxe":1}},"DataVersion":3953}