{"stats":{"minecraft:used":{"minecraft:dirt":4},"minecraft:picked_up":{"minecraft:sweet_berries":4,"minecraft:rotten_flesh":6,"minecraft:wheat_seeds":2,"minecraft:oak_sapling":1,"minecraft:chest":2,"minecraft:dirt":4},"minecraft:dropped":{"minecraft:rotten_flesh":4,"minecraft:sweet_berries":2,"minecraft:wheat_seeds":1,"minecraft:chest":2},"minecraft:custom":{"minecraft:time_since_rest":7551,"minecraft:crouch_one_cm":156,"minecraft:sprint_one_cm":8416,"minecraft:play_time":12026,"minecraft:deaths":1,"minecraft:damage_taken":60,"minecraft:walk_one_cm":12957,"minecraft:sneak_time":42,"minecraft:drop":6,"minecraft:jump":57,"minecraft:leave_game":4,"minecraft:time_since_death":7518,"minecraft:total_world_time":12026,"minecraft:fall_one_cm":1233,"minecraft:fly_one_cm":7642},"minecraft:mined":{"minecraft:grass_block":3,"minecraft:dirt":1,"minecraft:oak_leaves":6}},"DataVersion":3953}