{"stats":{"minecraft:used":{"minecraft:stone_sword":106,"minecraft:stone_pickaxe":370,"minecraft:wooden_pickaxe":13,"minecraft:shield":42,"minecraft:cooked_chicken":4,"minecraft:rotten_flesh":3,"minecraft:iron_chestplate":1,"minecraft:torch":1,"minecraft:dirt":22,"minecraft:mutton":2,"minecraft:crafting_table":11,"minecraft:white_bed":2,"minecraft:bread":20,"minecraft:iron_pickaxe":127,"minecraft:iron_helmet":1,"minecraft:stone_axe":155,"minecraft:cobblestone":55,"minecraft:furnace":8,"minecraft:porkchop":7,"minecraft:cooked_porkchop":12,"minecraft:bucket":1,"minecraft:egg":3,"minecraft:iron_leggings":1},"minecraft:picked_up":{"minecraft:crafting_table":11,"minecraft:wheat":6,"minecraft:feather":3,"minecraft:chicken":4,"minecraft:brown_wool":2,"minecraft:wooden_pickaxe":3,"minecraft:potato":4,"minecraft:flint":1,"minecraft:tuff":5,"minecraft:oak_log":80,"minecraft:yellow_bed":1,"minecraft:gunpowder":2,"minecraft:lapis_lazuli":32,"minecraft:dirt":44,"minecraft:bone":11,"minecraft:bow":1,"minecraft:wheat_seeds":30,"minecraft:cobbled_deepslate":99,"minecraft:raw_gold":17,"minecraft:iron_ingot":1,"minecraft:stone_pickaxe":3,"minecraft:sugar_cane":14,"minecraft:chest":4,"minecraft:oak_planks":27,"minecraft:furnace":4,"minecraft:egg":11,"minecraft:stick":10,"minecraft:raw_iron":76,"minecraft:sweet_berries":4,"minecraft:torch":1,"minecraft:gravel":11,"minecraft:porkchop":29,"minecraft:spider_eye":1,"minecraft:pointed_dripstone":5,"minecraft:white_bed":4,"minecraft:carrot":9,"minecraft:redstone":36,"minecraft:stone_sword":1,"minecraft:arrow":8,"minecraft:rotten_flesh":27,"minecraft:diamond":23,"minecraft:stone_axe":2,"minecraft:beetroot_seeds":3,"minecraft:hay_block":18,"minecraft:granite":6,"minecraft:oak_sapling":2,"minecraft:black_wool":1,"minecraft:mutton":19,"minecraft:coal":47,"minecraft:white_wool":16,"minecraft:cobblestone":222},"minecraft:dropped":{"minecraft:gravel":6,"minecraft:bread":1,"minecraft:sweet_berries":2,"minecraft:wheat_seeds":1,"minecraft:stone_sword":1,"minecraft:rotten_flesh":4,"minecraft:white_bed":1,"minecraft:dirt":2,"minecraft:brown_wool":1,"minecraft:chest":2,"minecraft:stone_pickaxe":1,"minecraft:white_wool":3,"minecraft:egg":3},"minecraft:killed":{"minecraft:pig":16,"minecraft:spider":1,"minecraft:creeper":2,"minecraft:sheep":13,"minecraft:skeleton":6,"minecraft:zombie":20,"minecraft:chicken":4},"minecraft:custom":{"minecraft:interact_with_furnace":53,"minecraft:mob_kills":62,"minecraft:interact_with_crafting_table":34,"minecraft:leave_game":8,"minecraft:time_since_death":52956,"minecraft:sleep_in_bed":2,"minecraft:climb_one_cm":550,"minecraft:time_since_rest":33612,"minecraft:sprint_one_cm":333707,"minecraft:damage_taken":3360,"minecraft:walk_one_cm":250095,"minecraft:damage_blocked_by_shield":3000,"minecraft:drop":16,"minecraft:damage_dealt":8820,"minecraft:swim_one_cm":17951,"minecraft:talked_to_villager":1,"minecraft:fly_one_cm":449670,"minecraft:open_chest":9,"minecraft:play_time":111648,"minecraft:crouch_one_cm":9164,"minecraft:deaths":6,"minecraft:sneak_time":4596,"minecraft:walk_under_water_one_cm":2172,"minecraft:jump":2947,"minecraft:walk_on_water_one_cm":12609,"minecraft:total_world_time":111648,"minecraft:fall_one_cm":78504},"minecraft:mined":{"minecraft:deepslate_redstone_ore":8,"minecraft:tuff":5,"minecraft:white_bed":3,"minecraft:deepslate_diamond_ore":23,"minecraft:clay":1,"minecraft:crafting_table":9,"minecraft:granite":6,"minecraft:short_grass":15,"minecraft:grass_block":19,"minecraft:chest":2,"minecraft:tall_grass":1,"minecraft:cobblestone":10,"minecraft:deepslate_gold_ore":16,"minecraft:lapis_ore":1,"minecraft:sugar_cane":6,"minecraft:spawner":1,"minecraft:hay_block":17,"minecraft:furnace":4,"minecraft:carrots":8,"minecraft:iron_ore":65,"minecraft:wheat":18,"minecraft:fire":1,"minecraft:andesite":8,"minecraft:birch_leaves":1,"minecraft:deepslate_lapis_ore":5,"minecraft:yellow_bed":1,"minecraft:pointed_dripstone":2,"minecraft:potatoes":4,"minecraft:oak_log":72,"minecraft:coal_ore":36,"minecraft:beetroots":3,"minecraft:deepslate_iron_ore":11,"minecraft:gravel":5,"minecraft:dirt":12,"minecraft:stone":207,"minecraft:gold_ore":1,"minecraft:oak_leaves":17,"minecraft:deepslate":97},"minecraft:killed_by":{"minecraft:skeleton":3,"minecraft:creeper":1,"minecraft:zombie":1},"minecraft:crafted":{"minecraft:oak_planks":108,"minecraft:cooked_porkchop":12,"minecraft:crafting_table":5,"minecraft:iron_helmet":1,"minecraft:wooden_pickaxe":4,"minecraft:cooked_chicken":4,"minecraft:furnace":6,"minecraft:bucket":1,"minecraft:stone_axe":3,"minecraft:cooked_mutton":4,"minecraft:bread":38,"minecraft:air":0,"minecraft:iron_boots":1,"minecraft:iron_chestplate":2,"minecraft:shield":2,"minecraft:stick":52,"minecraft:iron_ingot":50,"minecraft:iron_pickaxe":1,"minecraft:stone_pickaxe":6,"minecraft:stone_sword":3,"minecraft:iron_leggings":2,"minecraft:torch":16,"minecraft:wheat":108},"minecraft:broken":{"minecraft:stone_pickaxe":3}},"DataVersion":3953}