{"stats":{"minecraft:dropped":{"minecraft:rotten_flesh":4,"minecraft:sweet_berries":2,"minecraft:wheat_seeds":1,"minecraft:chest":2},"minecraft:used":{"minecraft:dirt":4},"minecraft:mined":{"minecraft:grass_block":3,"minecraft:dirt":1,"minecraft:oak_leaves":2},"minecraft:custom":{"minecraft:time_since_rest":4210,"minecraft:play_time":4210,"minecraft:sprint_one_cm":6867,"minecraft:damage_taken":60,"minecraft:walk_one_cm":8956,"minecraft:drop":6,"minecraft:jump":43,"minecraft:leave_game":3,"minecraft:time_since_death":4210,"minecraft:total_world_time":4210,"minecraft:fly_one_cm":6562,"minecraft:fall_one_cm":753},"minecraft:picked_up":{"minecraft:rotten_flesh":6,"minecraft:sweet_berries":4,"minecraft:wheat_seeds":2,"minecraft:chest":2,"minecraft:dirt":4}},"DataVersion":3953}