{"stats":{"minecraft:used":{"minecraft:cooked_mutton":6,"minecraft:stone_sword":123,"minecraft:stone_pickaxe":370,"minecraft:wooden_pickaxe":13,"minecraft:shield":48,"minecraft:cooked_chicken":4,"minecraft:rotten_flesh":3,"minecraft:iron_chestplate":1,"minecraft:torch":1,"minecraft:dirt":22,"minecraft:mutton":2,"minecraft:crafting_table":12,"minecraft:white_bed":2,"minecraft:bread":20,"minecraft:iron_pickaxe":150,"minecraft:iron_helmet":1,"minecraft:stone_axe":157,"minecraft:cobblestone":75,"minecraft:oak_sapling":1,"minecraft:furnace":8,"minecraft:porkchop":7,"minecraft:cooked_porkchop":12,"minecraft:bucket":1,"minecraft:egg":4,"minecraft:iron_leggings":1},"minecraft:picked_up":{"minecraft:crafting_table":13,"minecraft:wheat":6,"minecraft:feather":3,"minecraft:chicken":4,"minecraft:brown_wool":2,"minecraft:wooden_pickaxe":3,"minecraft:potato":4,"minecraft:flint":1,"minecraft:tuff":5,"minecraft:oak_log":80,"minecraft:yellow_bed":1,"minecraft:gunpowder":2,"minecraft:lapis_lazuli":32,"minecraft:dirt":44,"minecraft:bone":13,"minecraft:bow":1,"minecraft:wheat_seeds":30,"minecraft:cobbled_deepslate":111,"minecraft:raw_gold":21,"minecraft:iron_ingot":3,"minecraft:stone_pickaxe":3,"minecraft:sugar_cane":14,"minecraft:chest":4,"minecraft:oak_planks":46,"minecraft:furnace":6,"minecraft:egg":12,"minecraft:stick":10,"minecraft:raw_iron":88,"minecraft:sweet_berries":4,"minecraft:torch":1,"minecraft:gravel":11,"minecraft:porkchop":29,"minecraft:pointed_dripstone":5,"minecraft:white_bed":4,"minecraft:carrot":9,"minecraft:redstone":41,"minecraft:spider_eye":1,"minecraft:stone_sword":1,"minecraft:arrow":8,"minecraft:rotten_flesh":28,"minecraft:diamond":23,"minecraft:stone_axe":2,"minecraft:beetroot_seeds":3,"minecraft:hay_block":18,"minecraft:granite":6,"minecraft:oak_sapling":3,"minecraft:black_wool":1,"minecraft:mutton":19,"minecraft:coal":47,"minecraft:white_wool":16,"minecraft:cobblestone":224},"minecraft:dropped":{"minecraft:gravel":6,"minecraft:bread":1,"minecraft:sweet_berries":2,"minecraft:wheat_seeds":1,"minecraft:stone_sword":1,"minecraft:rotten_flesh":4,"minecraft:white_bed":1,"minecraft:dirt":2,"minecraft:brown_wool":1,"minecraft:chest":2,"minecraft:stone_pickaxe":1,"minecraft:white_wool":3,"minecraft:egg":3},"minecraft:killed":{"minecraft:pig":16,"minecraft:spider":1,"minecraft:creeper":2,"minecraft:skeleton":6,"minecraft:sheep":13,"minecraft:zombie":21,"minecraft:chicken":4,"minecraft:enderman":1},"minecraft:custom":{"minecraft:interact_with_furnace":57,"minecraft:mob_kills":64,"minecraft:interact_with_crafting_table":35,"minecraft:leave_game":10,"minecraft:time_since_death":0,"minecraft:sleep_in_bed":2,"minecraft:climb_one_cm":550,"minecraft:time_since_rest":369,"minecraft:sprint_one_cm":385174,"minecraft:damage_taken":4521,"minecraft:walk_one_cm":277749,"minecraft:damage_blocked_by_shield":3529,"minecraft:drop":16,"minecraft:damage_dealt":9695,"minecraft:swim_one_cm":17951,"minecraft:fly_one_cm":503868,"minecraft:talked_to_villager":1,"minecraft:open_chest":9,"minecraft:play_time":123773,"minecraft:crouch_one_cm":10313,"minecraft:deaths":9,"minecraft:sneak_time":5125,"minecraft:walk_under_water_one_cm":2172,"minecraft:jump":3420,"minecraft:walk_on_water_one_cm":12609,"minecraft:fall_one_cm":88001,"minecraft:total_world_time":123773},"minecraft:mined":{"minecraft:deepslate_redstone_ore":9,"minecraft:tuff":5,"minecraft:white_bed":3,"minecraft:deepslate_diamond_ore":23,"minecraft:clay":1,"minecraft:crafting_table":11,"minecraft:granite":6,"minecraft:short_grass":15,"minecraft:grass_block":19,"minecraft:chest":2,"minecraft:tall_grass":1,"minecraft:cobblestone":12,"minecraft:deepslate_gold_ore":20,"minecraft:lapis_ore":1,"minecraft:sugar_cane":6,"minecraft:spawner":1,"minecraft:hay_block":17,"minecraft:furnace":6,"minecraft:carrots":8,"minecraft:iron_ore":65,"minecraft:fire":1,"minecraft:wheat":18,"minecraft:birch_leaves":1,"minecraft:andesite":8,"minecraft:deepslate_lapis_ore":5,"minecraft:yellow_bed":1,"minecraft:potatoes":4,"minecraft:coal_ore":36,"minecraft:pointed_dripstone":2,"minecraft:oak_log":72,"minecraft:deepslate_iron_ore":14,"minecraft:beetroots":3,"minecraft:gravel":5,"minecraft:dirt":12,"minecraft:stone":207,"minecraft:gold_ore":1,"minecraft:oak_leaves":17,"minecraft:deepslate":108},"minecraft:killed_by":{"minecraft:skeleton":4,"minecraft:creeper":1,"minecraft:zombie":2,"minecraft:enderman":1},"minecraft:crafted":{"minecraft:oak_planks":108,"minecraft:cooked_porkchop":12,"minecraft:crafting_table":5,"minecraft:iron_helmet":1,"minecraft:wooden_pickaxe":4,"minecraft:cooked_chicken":4,"minecraft:furnace":6,"minecraft:bucket":1,"minecraft:stone_axe":3,"minecraft:bread":38,"minecraft:cooked_mutton":9,"minecraft:air":0,"minecraft:iron_chestplate":2,"minecraft:iron_boots":1,"minecraft:shield":3,"minecraft:stick":52,"minecraft:iron_ingot":53,"minecraft:iron_pickaxe":1,"minecraft:stone_pickaxe":6,"minecraft:stone_sword":3,"minecraft:iron_leggings":2,"minecraft:torch":16,"minecraft:wheat":108},"minecraft:broken":{"minecraft:stone_pickaxe":3,"minecraft:shield":1}},"DataVersion":3953}