{"stats":{"minecraft:killed_by":{"minecraft:creeper":1,"minecraft:zombie":3,"minecraft:enderman":1,"minecraft:skeleton":5},"minecraft:dropped":{"minecraft:iron_sword":1,"minecraft:baked_potato":6,"minecraft:emerald":5,"minecraft:dirt":3,"minecraft:bone_meal":2,"minecraft:iron_pickaxe":3,"minecraft:white_wool":3,"minecraft:waxed_cut_copper_slab":1,"minecraft:gravel":6,"minecraft:stone_axe":2,"minecraft:chiseled_tuff_bricks":5,"minecraft:cobbled_deepslate":1,"minecraft:rotten_flesh":17,"minecraft:white_bed":1,"minecraft:waxed_copper_block":4,"minecraft:lingering_potion":1,"minecraft:chest":2,"minecraft:egg":3,"minecraft:water_bucket":1,"minecraft:bread":25,"minecraft:wheat_seeds":3,"minecraft:mossy_cobblestone":1,"minecraft:cobblestone":9,"minecraft:granite":11,"minecraft:chainmail_helmet":1,"minecraft:coal":1,"minecraft:golden_apple":1,"minecraft:stick":7,"minecraft:diorite":3,"minecraft:ink_sac":3,"minecraft:brown_wool":1,"minecraft:cooked_salmon":1,"minecraft:waxed_oxidized_copper":1,"minecraft:string":322,"minecraft:sweet_berries":2,"minecraft:tuff_bricks":1,"minecraft:stone_sword":1,"minecraft:iron_boots":1,"minecraft:filled_map":3,"minecraft:diamond_sword":2,"minecraft:potato":48,"minecraft:shield":1,"minecraft:trial_key":1,"minecraft:iron_chestplate":3,"minecraft:andesite":4,"minecraft:spider_eye":2,"minecraft:bow":2,"minecraft:stone_pickaxe":1,"minecraft:wooden_pickaxe":1,"minecraft:calcite":64,"minecraft:brick":15},"minecraft:broken":{"minecraft:stone_pickaxe":4,"minecraft:shield":1,"minecraft:iron_pickaxe":1},"minecraft:used":{"minecraft:shield":128,"minecraft:iron_sword":256,"minecraft:rotten_flesh":3,"minecraft:iron_chestplate":3,"minecraft:mutton":28,"minecraft:carrot":11,"minecraft:tuff":9,"minecraft:iron_helmet":2,"minecraft:bow":8,"minecraft:furnace":13,"minecraft:oak_sapling":1,"minecraft:egg":7,"minecraft:potato":64,"minecraft:diamond_boots":1,"minecraft:stone_pickaxe":563,"minecraft:oak_planks":6,"minecraft:wooden_pickaxe":19,"minecraft:golden_apple":1,"minecraft:glow_berries":20,"minecraft:lingering_potion":1,"minecraft:bread":32,"minecraft:diamond_sword":116,"minecraft:oak_boat":2,"minecraft:bone_meal":39,"minecraft:stone_sword":123,"minecraft:spruce_planks":7,"minecraft:cooked_salmon":32,"minecraft:stone_hoe":66,"minecraft:cooked_chicken":6,"minecraft:trial_key":3,"minecraft:torch":8,"minecraft:dirt":54,"minecraft:diamond_helmet":1,"minecraft:bamboo_hanging_sign":1,"minecraft:iron_boots":2,"minecraft:diamond_chestplate":1,"minecraft:beef":2,"minecraft:cobbled_deepslate":113,"minecraft:iron_leggings":3,"minecraft:cooked_mutton":14,"minecraft:water_bucket":4,"minecraft:amethyst_block":30,"minecraft:baked_potato":26,"minecraft:cartography_table":8,"minecraft:crafting_table":21,"minecraft:white_bed":2,"minecraft:diamond_pickaxe":462,"minecraft:wind_charge":2,"minecraft:iron_pickaxe":772,"minecraft:stone_axe":244,"minecraft:cobblestone":167,"minecraft:potion":1,"minecraft:cooked_porkchop":25,"minecraft:porkchop":11,"minecraft:bucket":6,"minecraft:diamond_leggings":1},"minecraft:custom":{"minecraft:interact_with_crafting_table":74,"minecraft:open_barrel":20,"minecraft:leave_game":16,"minecraft:time_since_death":59492,"minecraft:sprint_one_cm":1133218,"minecraft:damage_blocked_by_shield":8218,"minecraft:drop":95,"minecraft:talked_to_villager":54,"minecraft:play_time":365195,"minecraft:deaths":12,"minecraft:jump":9505,"minecraft:walk_on_water_one_cm":44160,"minecraft:interact_with_furnace":134,"minecraft:traded_with_villager":48,"minecraft:interact_with_cartography_table":3,"minecraft:interact_with_loom":1,"minecraft:sleep_in_bed":7,"minecraft:damage_dealt":31251,"minecraft:crouch_one_cm":33765,"minecraft:inspect_dispenser":12,"minecraft:mob_kills":254,"minecraft:climb_one_cm":6418,"minecraft:walk_one_cm":788989,"minecraft:sneak_time":20939,"minecraft:walk_under_water_one_cm":36220,"minecraft:boat_one_cm":30,"minecraft:total_world_time":365195,"minecraft:time_since_rest":40954,"minecraft:damage_taken":11455,"minecraft:damage_absorbed":38,"minecraft:swim_one_cm":72425,"minecraft:fly_one_cm":2151149,"minecraft:open_chest":142,"minecraft:fall_one_cm":282760},"minecraft:mined":{"minecraft:waxed_cut_copper_slab":1,"minecraft:large_amethyst_bud":5,"minecraft:white_bed":3,"minecraft:farmland":1,"minecraft:sculk_vein":2,"minecraft:granite":83,"minecraft:budding_amethyst":4,"minecraft:grass_block":34,"minecraft:chiseled_tuff_bricks":6,"minecraft:composter":1,"minecraft:tuff_bricks":19,"minecraft:spawner":1,"minecraft:iron_ore":141,"minecraft:cobbled_deepslate":3,"minecraft:fire":1,"minecraft:polished_tuff":1,"minecraft:deepslate_lapis_ore":6,"minecraft:pointed_dripstone":2,"minecraft:cave_vines":1,"minecraft:dirt_path":3,"minecraft:deepslate_redstone_ore":41,"minecraft:amethyst_cluster":2,"minecraft:powder_snow":24,"minecraft:clay":1,"minecraft:torch":1,"minecraft:calcite":49,"minecraft:chest":2,"minecraft:cobblestone":23,"minecraft:sugar_cane":8,"minecraft:oak_planks":10,"minecraft:wall_torch":1,"minecraft:amethyst_block":71,"minecraft:chain":1,"minecraft:wheat":19,"minecraft:waxed_copper_block":8,"minecraft:oak_log":78,"minecraft:beetroots":3,"minecraft:waxed_oxidized_copper":3,"minecraft:loom":2,"minecraft:dirt":48,"minecraft:smooth_basalt":4,"minecraft:oak_leaves":27,"minecraft:deepslate":407,"minecraft:tuff":25,"minecraft:mossy_cobblestone":2,"minecraft:deepslate_diamond_ore":44,"minecraft:decorated_pot":21,"minecraft:spruce_leaves":2,"minecraft:cartography_table":8,"minecraft:hay_block":46,"minecraft:redstone_ore":3,"minecraft:furnace":11,"minecraft:carrots":11,"minecraft:andesite":21,"minecraft:potatoes":39,"minecraft:deepslate_iron_ore":54,"minecraft:rail":1,"minecraft:packed_ice":4,"minecraft:stone":491,"minecraft:dandelion":1,"minecraft:crafting_table":18,"minecraft:short_grass":21,"minecraft:tall_grass":3,"minecraft:lapis_ore":9,"minecraft:deepslate_gold_ore":72,"minecraft:sculk":16,"minecraft:diorite":47,"minecraft:ice":2,"minecraft:spruce_log":6,"minecraft:birch_leaves":3,"minecraft:yellow_bed":1,"minecraft:coal_ore":75,"minecraft:gravel":6,"minecraft:cobweb":2,"minecraft:gold_ore":1,"minecraft:infested_stone":5},"minecraft:picked_up":{"minecraft:iron_chestplate":14,"minecraft:wheat":6,"minecraft:flower_pot":1,"minecraft:diamond_sword":1,"minecraft:potion":1,"minecraft:amethyst_block":81,"minecraft:string":277,"minecraft:cooked_salmon":30,"minecraft:waxed_cut_copper_slab":1,"minecraft:iron_leggings":1,"minecraft:diamond_leggings":1,"minecraft:cobbled_deepslate":436,"minecraft:trial_key":4,"minecraft:calcite":49,"minecraft:iron_pickaxe":2,"minecraft:furnace":14,"minecraft:iron_boots":2,"minecraft:tipped_arrow":11,"minecraft:stick":12,"minecraft:composter":1,"minecraft:torch":3,"minecraft:porkchop":64,"minecraft:pointed_dripstone":5,"minecraft:diorite":27,"minecraft:stone_sword":2,"minecraft:honey_bottle":3,"minecraft:rotten_flesh":64,"minecraft:cobblestone":468,"minecraft:feather":24,"minecraft:andesite":13,"minecraft:brown_wool":2,"minecraft:potato":146,"minecraft:flint":1,"minecraft:tuff":23,"minecraft:dirt":91,"minecraft:lapis_lazuli":82,"minecraft:bone":40,"minecraft:bow":5,"minecraft:wheat_seeds":36,"minecraft:raw_gold":71,"minecraft:diamond_helmet":1,"minecraft:scrape_pottery_sherd":1,"minecraft:oak_planks":64,"minecraft:ink_sac":3,"minecraft:loom":2,"minecraft:mossy_cobblestone":1,"minecraft:diamond":43,"minecraft:breeze_rod":5,"minecraft:granite":82,"minecraft:bone_meal":2,"minecraft:bread":13,"minecraft:emerald":22,"minecraft:chainmail_helmet":1,"minecraft:oak_sapling":3,"minecraft:crafting_table":22,"minecraft:ominous_bottle":1,"minecraft:chicken":19,"minecraft:wooden_pickaxe":4,"minecraft:chain":2,"minecraft:shield":1,"minecraft:brick":37,"minecraft:wind_charge":11,"minecraft:cartography_table":8,"minecraft:beef":4,"minecraft:oak_boat":3,"minecraft:poppy":2,"minecraft:sugar_cane":14,"minecraft:chest":4,"minecraft:waxed_oxidized_copper":2,"minecraft:egg":16,"minecraft:raw_iron":272,"minecraft:redstone":264,"minecraft:carrot":20,"minecraft:arrow":91,"minecraft:diamond_chestplate":1,"minecraft:beetroot_seeds":3,"minecraft:diamond_boots":1,"minecraft:hay_block":47,"minecraft:tuff_bricks":19,"minecraft:glow_berries":20,"minecraft:mutton":59,"minecraft:white_wool":75,"minecraft:rail":2,"minecraft:salmon":52,"minecraft:leather":4,"minecraft:filled_map":2,"minecraft:oak_log":86,"minecraft:waxed_copper_block":7,"minecraft:yellow_bed":1,"minecraft:gunpowder":2,"minecraft:iron_ingot":41,"minecraft:stone_pickaxe":5,"minecraft:cooked_chicken":2,"minecraft:iron_sword":1,"minecraft:smooth_basalt":2,"minecraft:sweet_berries":4,"minecraft:gravel":11,"minecraft:amethyst_shard":8,"minecraft:white_bed":4,"minecraft:spruce_log":6,"minecraft:spider_eye":3,"minecraft:slime_ball":16,"minecraft:stone_axe":6,"minecraft:gray_wool":2,"minecraft:baked_potato":11,"minecraft:chiseled_tuff_bricks":5,"minecraft:black_wool":1,"minecraft:coal":90},"minecraft:crafted":{"minecraft:oak_planks":156,"minecraft:barrel":2,"minecraft:cooked_chicken":4,"minecraft:cooked_mutton":20,"minecraft:bow":1,"minecraft:iron_boots":1,"minecraft:stone_hoe":1,"minecraft:oak_slab":6,"minecraft:emerald":17,"minecraft:cooked_porkchop":12,"minecraft:map":17,"minecraft:crafting_table":7,"minecraft:spruce_planks":24,"minecraft:wooden_pickaxe":5,"minecraft:baked_potato":24,"minecraft:iron_helmet":2,"minecraft:iron_chestplate":2,"minecraft:diamond_pickaxe":1,"minecraft:shield":6,"minecraft:stick":88,"minecraft:iron_ingot":124,"minecraft:compass":14,"minecraft:iron_pickaxe":3,"minecraft:stone_sword":4,"minecraft:cherry_planks":8,"minecraft:furnace":10,"minecraft:bone_meal":39,"minecraft:stone_pickaxe":8,"minecraft:filled_map":14,"minecraft:wheat":369,"minecraft:diamond_sword":2,"minecraft:iron_sword":1,"minecraft:cooked_salmon":33,"minecraft:bucket":2,"minecraft:stone_axe":4,"minecraft:bread":97,"minecraft:air":0,"minecraft:oak_boat":1,"minecraft:golden_apple":4,"minecraft:iron_leggings":2,"minecraft:torch":28},"minecraft:killed":{"minecraft:spider":6,"minecraft:skeleton":28,"minecraft:chicken":12,"minecraft:silverfish":10,"minecraft:pig":27,"minecraft:zombie_villager":1,"minecraft:salmon":25,"minecraft:creeper":2,"minecraft:sheep":36,"minecraft:zombie":68,"minecraft:cow":1,"minecraft:bogged":9,"minecraft:slime":20,"minecraft:breeze":3,"minecraft:enderman":3}},"DataVersion":3953}