{"stats":{"minecraft:killed_by":{"minecraft:creeper":1,"minecraft:enderman":1,"minecraft:skeleton":5,"minecraft:zombie":3},"minecraft:dropped":{"minecraft:bread":25,"minecraft:iron_sword":1,"minecraft:wheat_seeds":3,"minecraft:granite":9,"minecraft:chainmail_helmet":1,"minecraft:golden_apple":1,"minecraft:coal":1,"minecraft:emerald":5,"minecraft:stick":2,"minecraft:dirt":3,"minecraft:ink_sac":3,"minecraft:brown_wool":1,"minecraft:cooked_salmon":1,"minecraft:bone_meal":2,"minecraft:iron_pickaxe":3,"minecraft:string":322,"minecraft:white_wool":3,"minecraft:gravel":6,"minecraft:stone_axe":2,"minecraft:sweet_berries":2,"minecraft:stone_sword":1,"minecraft:cobbled_deepslate":1,"minecraft:rotten_flesh":11,"minecraft:iron_boots":1,"minecraft:white_bed":1,"minecraft:filled_map":3,"minecraft:diamond_sword":2,"minecraft:potato":48,"minecraft:shield":1,"minecraft:iron_chestplate":2,"minecraft:chest":2,"minecraft:spider_eye":2,"minecraft:bow":1,"minecraft:wooden_pickaxe":1,"minecraft:stone_pickaxe":1,"minecraft:calcite":64,"minecraft:egg":3},"minecraft:broken":{"minecraft:stone_pickaxe":4,"minecraft:shield":1,"minecraft:iron_pickaxe":1},"minecraft:used":{"minecraft:stone_sword":123,"minecraft:spruce_planks":7,"minecraft:shield":117,"minecraft:iron_sword":256,"minecraft:stone_hoe":66,"minecraft:cooked_salmon":32,"minecraft:cooked_chicken":4,"minecraft:rotten_flesh":3,"minecraft:iron_chestplate":3,"minecraft:torch":6,"minecraft:dirt":46,"minecraft:mutton":26,"minecraft:carrot":10,"minecraft:diamond_helmet":1,"minecraft:tuff":9,"minecraft:iron_helmet":2,"minecraft:iron_boots":2,"minecraft:diamond_chestplate":1,"minecraft:bow":8,"minecraft:beef":2,"minecraft:oak_sapling":1,"minecraft:furnace":13,"minecraft:egg":7,"minecraft:potato":64,"minecraft:cobbled_deepslate":113,"minecraft:iron_leggings":3,"minecraft:cooked_mutton":14,"minecraft:diamond_boots":1,"minecraft:amethyst_block":30,"minecraft:baked_potato":6,"minecraft:cartography_table":8,"minecraft:oak_planks":6,"minecraft:stone_pickaxe":563,"minecraft:wooden_pickaxe":19,"minecraft:glow_berries":20,"minecraft:crafting_table":20,"minecraft:white_bed":2,"minecraft:diamond_pickaxe":462,"minecraft:bread":32,"minecraft:iron_pickaxe":635,"minecraft:stone_axe":244,"minecraft:cobblestone":144,"minecraft:porkchop":11,"minecraft:cooked_porkchop":25,"minecraft:bucket":1,"minecraft:oak_boat":2,"minecraft:diamond_leggings":1,"minecraft:bone_meal":39},"minecraft:custom":{"minecraft:mob_kills":220,"minecraft:open_barrel":6,"minecraft:interact_with_crafting_table":73,"minecraft:leave_game":15,"minecraft:time_since_death":24755,"minecraft:climb_one_cm":976,"minecraft:sprint_one_cm":1019887,"minecraft:walk_one_cm":676223,"minecraft:damage_blocked_by_shield":7833,"minecraft:drop":67,"minecraft:talked_to_villager":53,"minecraft:play_time":330458,"minecraft:deaths":12,"minecraft:sneak_time":19366,"minecraft:walk_under_water_one_cm":34513,"minecraft:boat_one_cm":30,"minecraft:jump":8679,"minecraft:walk_on_water_one_cm":40197,"minecraft:total_world_time":330458,"minecraft:interact_with_furnace":129,"minecraft:traded_with_villager":48,"minecraft:interact_with_cartography_table":3,"minecraft:interact_with_loom":1,"minecraft:sleep_in_bed":7,"minecraft:time_since_rest":6217,"minecraft:damage_taken":10013,"minecraft:damage_dealt":26234,"minecraft:swim_one_cm":62159,"minecraft:fly_one_cm":2045620,"minecraft:open_chest":134,"minecraft:crouch_one_cm":30077,"minecraft:fall_one_cm":251277,"minecraft:inspect_dispenser":2},"minecraft:mined":{"minecraft:large_amethyst_bud":5,"minecraft:tuff":25,"minecraft:white_bed":3,"minecraft:farmland":1,"minecraft:deepslate_diamond_ore":44,"minecraft:sculk_vein":1,"minecraft:granite":81,"minecraft:budding_amethyst":4,"minecraft:grass_block":34,"minecraft:spruce_leaves":2,"minecraft:composter":1,"minecraft:cartography_table":8,"minecraft:spawner":1,"minecraft:hay_block":46,"minecraft:redstone_ore":3,"minecraft:furnace":10,"minecraft:carrots":11,"minecraft:iron_ore":135,"minecraft:cobbled_deepslate":3,"minecraft:fire":1,"minecraft:andesite":17,"minecraft:deepslate_lapis_ore":6,"minecraft:dirt_path":3,"minecraft:pointed_dripstone":2,"minecraft:potatoes":39,"minecraft:cave_vines":1,"minecraft:deepslate_iron_ore":54,"minecraft:rail":1,"minecraft:packed_ice":2,"minecraft:stone":452,"minecraft:deepslate_redstone_ore":41,"minecraft:amethyst_cluster":2,"minecraft:dandelion":1,"minecraft:powder_snow":24,"minecraft:clay":1,"minecraft:crafting_table":18,"minecraft:short_grass":21,"minecraft:calcite":49,"minecraft:chest":2,"minecraft:tall_grass":3,"minecraft:cobblestone":22,"minecraft:lapis_ore":9,"minecraft:deepslate_gold_ore":69,"minecraft:sugar_cane":8,"minecraft:oak_planks":10,"minecraft:sculk":16,"minecraft:diorite":44,"minecraft:wall_torch":1,"minecraft:amethyst_block":71,"minecraft:chain":1,"minecraft:wheat":19,"minecraft:spruce_log":6,"minecraft:waxed_copper_block":1,"minecraft:birch_leaves":3,"minecraft:yellow_bed":1,"minecraft:oak_log":78,"minecraft:coal_ore":69,"minecraft:beetroots":3,"minecraft:waxed_oxidized_copper":1,"minecraft:loom":2,"minecraft:gravel":6,"minecraft:dirt":39,"minecraft:cobweb":2,"minecraft:smooth_basalt":4,"minecraft:gold_ore":1,"minecraft:oak_leaves":25,"minecraft:deepslate":383,"minecraft:infested_stone":5},"minecraft:picked_up":{"minecraft:crafting_table":22,"minecraft:iron_chestplate":13,"minecraft:wheat":6,"minecraft:chicken":19,"minecraft:diamond_sword":1,"minecraft:wooden_pickaxe":4,"minecraft:chain":2,"minecraft:amethyst_block":81,"minecraft:string":277,"minecraft:cooked_salmon":30,"minecraft:iron_leggings":1,"minecraft:diamond_leggings":1,"minecraft:cartography_table":8,"minecraft:cobbled_deepslate":414,"minecraft:beef":4,"minecraft:oak_boat":3,"minecraft:calcite":49,"minecraft:poppy":2,"minecraft:iron_pickaxe":2,"minecraft:waxed_oxidized_copper":1,"minecraft:sugar_cane":14,"minecraft:chest":4,"minecraft:iron_boots":2,"minecraft:furnace":13,"minecraft:egg":16,"minecraft:stick":12,"minecraft:raw_iron":263,"minecraft:composter":1,"minecraft:torch":2,"minecraft:porkchop":64,"minecraft:pointed_dripstone":5,"minecraft:diorite":24,"minecraft:carrot":19,"minecraft:redstone":264,"minecraft:diamond_chestplate":1,"minecraft:arrow":55,"minecraft:stone_sword":2,"minecraft:rotten_flesh":49,"minecraft:beetroot_seeds":3,"minecraft:diamond_boots":1,"minecraft:hay_block":47,"minecraft:glow_berries":20,"minecraft:mutton":57,"minecraft:cobblestone":429,"minecraft:rail":2,"minecraft:white_wool":74,"minecraft:feather":24,"minecraft:andesite":9,"minecraft:salmon":52,"minecraft:brown_wool":2,"minecraft:leather":4,"minecraft:filled_map":2,"minecraft:potato":146,"minecraft:flint":1,"minecraft:waxed_copper_block":1,"minecraft:tuff":23,"minecraft:oak_log":86,"minecraft:yellow_bed":1,"minecraft:gunpowder":2,"minecraft:lapis_lazuli":82,"minecraft:dirt":83,"minecraft:bone":36,"minecraft:bow":3,"minecraft:wheat_seeds":36,"minecraft:raw_gold":68,"minecraft:stone_pickaxe":5,"minecraft:iron_ingot":22,"minecraft:diamond_helmet":1,"minecraft:iron_sword":1,"minecraft:oak_planks":64,"minecraft:smooth_basalt":2,"minecraft:sweet_berries":4,"minecraft:gravel":11,"minecraft:amethyst_shard":8,"minecraft:ink_sac":3,"minecraft:loom":2,"minecraft:white_bed":4,"minecraft:spruce_log":6,"minecraft:spider_eye":3,"minecraft:slime_ball":16,"minecraft:diamond":43,"minecraft:stone_axe":6,"minecraft:granite":80,"minecraft:bone_meal":2,"minecraft:gray_wool":2,"minecraft:chainmail_helmet":1,"minecraft:emerald":17,"minecraft:bread":9,"minecraft:oak_sapling":3,"minecraft:black_wool":1,"minecraft:coal":84},"minecraft:crafted":{"minecraft:cherry_planks":8,"minecraft:oak_planks":152,"minecraft:barrel":2,"minecraft:cooked_chicken":4,"minecraft:furnace":10,"minecraft:bone_meal":39,"minecraft:cooked_mutton":20,"minecraft:bow":1,"minecraft:iron_boots":1,"minecraft:stone_pickaxe":8,"minecraft:filled_map":14,"minecraft:stone_hoe":1,"minecraft:wheat":369,"minecraft:oak_slab":6,"minecraft:diamond_sword":2,"minecraft:emerald":17,"minecraft:cooked_porkchop":12,"minecraft:map":17,"minecraft:crafting_table":6,"minecraft:spruce_planks":24,"minecraft:baked_potato":24,"minecraft:wooden_pickaxe":5,"minecraft:iron_helmet":2,"minecraft:iron_sword":1,"minecraft:cooked_salmon":33,"minecraft:bucket":1,"minecraft:stone_axe":4,"minecraft:bread":97,"minecraft:air":0,"minecraft:oak_boat":1,"minecraft:iron_chestplate":2,"minecraft:golden_apple":4,"minecraft:diamond_pickaxe":1,"minecraft:shield":6,"minecraft:stick":80,"minecraft:compass":14,"minecraft:iron_ingot":121,"minecraft:iron_pickaxe":3,"minecraft:stone_sword":4,"minecraft:iron_leggings":2,"minecraft:torch":16},"minecraft:killed":{"minecraft:spider":6,"minecraft:slime":20,"minecraft:skeleton":27,"minecraft:chicken":12,"minecraft:silverfish":8,"minecraft:pig":27,"minecraft:zombie_villager":1,"minecraft:salmon":25,"minecraft:creeper":2,"minecraft:sheep":36,"minecraft:zombie":49,"minecraft:breeze":1,"minecraft:cow":1,"minecraft:enderman":3}},"DataVersion":3953}