{"stats":{"minecraft:used":{"minecraft:stone_sword":49,"minecraft:stone_pickaxe":196,"minecraft:wooden_pickaxe":13,"minecraft:shield":2,"minecraft:rotten_flesh":3,"minecraft:iron_chestplate":1,"minecraft:torch":1,"minecraft:dirt":22,"minecraft:mutton":2,"minecraft:crafting_table":8,"minecraft:white_bed":1,"minecraft:bread":20,"minecraft:stone_axe":153,"minecraft:cobblestone":15,"minecraft:cooked_porkchop":2,"minecraft:furnace":3,"minecraft:porkchop":7,"minecraft:bucket":1,"minecraft:egg":3,"minecraft:iron_leggings":1},"minecraft:picked_up":{"minecraft:crafting_table":9,"minecraft:wheat":6,"minecraft:feather":3,"minecraft:chicken":4,"minecraft:brown_wool":2,"minecraft:wooden_pickaxe":3,"minecraft:potato":4,"minecraft:flint":1,"minecraft:oak_log":80,"minecraft:yellow_bed":1,"minecraft:gunpowder":2,"minecraft:dirt":44,"minecraft:bone":5,"minecraft:wheat_seeds":30,"minecraft:cobbled_deepslate":2,"minecraft:stone_pickaxe":3,"minecraft:sugar_cane":14,"minecraft:chest":4,"minecraft:oak_planks":27,"minecraft:egg":11,"minecraft:furnace":2,"minecraft:stick":10,"minecraft:raw_iron":29,"minecraft:sweet_berries":4,"minecraft:torch":1,"minecraft:gravel":7,"minecraft:porkchop":28,"minecraft:white_bed":2,"minecraft:carrot":9,"minecraft:arrow":2,"minecraft:rotten_flesh":23,"minecraft:stone_axe":2,"minecraft:beetroot_seeds":3,"minecraft:hay_block":18,"minecraft:oak_sapling":2,"minecraft:black_wool":1,"minecraft:mutton":19,"minecraft:coal":32,"minecraft:white_wool":16,"minecraft:cobblestone":144},"minecraft:dropped":{"minecraft:gravel":6,"minecraft:bread":1,"minecraft:sweet_berries":2,"minecraft:wheat_seeds":1,"minecraft:rotten_flesh":4,"minecraft:dirt":2,"minecraft:brown_wool":1,"minecraft:chest":2,"minecraft:stone_pickaxe":1,"minecraft:white_wool":3},"minecraft:killed":{"minecraft:pig":15,"minecraft:creeper":2,"minecraft:sheep":13,"minecraft:skeleton":1,"minecraft:zombie":13,"minecraft:chicken":4},"minecraft:custom":{"minecraft:interact_with_furnace":18,"minecraft:mob_kills":48,"minecraft:interact_with_crafting_table":21,"minecraft:leave_game":6,"minecraft:time_since_death":17230,"minecraft:sleep_in_bed":1,"minecraft:climb_one_cm":550,"minecraft:time_since_rest":11720,"minecraft:sprint_one_cm":242171,"minecraft:damage_taken":2343,"minecraft:walk_one_cm":175043,"minecraft:damage_blocked_by_shield":120,"minecraft:drop":13,"minecraft:damage_dealt":6206,"minecraft:swim_one_cm":15306,"minecraft:talked_to_villager":1,"minecraft:fly_one_cm":370166,"minecraft:open_chest":9,"minecraft:play_time":75922,"minecraft:crouch_one_cm":5641,"minecraft:deaths":6,"minecraft:sneak_time":2519,"minecraft:walk_under_water_one_cm":1953,"minecraft:jump":2153,"minecraft:walk_on_water_one_cm":8998,"minecraft:total_world_time":75922,"minecraft:fall_one_cm":63996},"minecraft:mined":{"minecraft:white_bed":2,"minecraft:clay":1,"minecraft:crafting_table":7,"minecraft:short_grass":15,"minecraft:grass_block":19,"minecraft:chest":2,"minecraft:tall_grass":1,"minecraft:cobblestone":9,"minecraft:sugar_cane":6,"minecraft:spawner":1,"minecraft:hay_block":17,"minecraft:furnace":2,"minecraft:carrots":8,"minecraft:iron_ore":27,"minecraft:wheat":18,"minecraft:fire":1,"minecraft:birch_leaves":1,"minecraft:yellow_bed":1,"minecraft:oak_log":72,"minecraft:potatoes":4,"minecraft:coal_ore":28,"minecraft:beetroots":3,"minecraft:deepslate_iron_ore":3,"minecraft:gravel":5,"minecraft:dirt":12,"minecraft:stone":133,"minecraft:oak_leaves":17,"minecraft:deepslate":2},"minecraft:killed_by":{"minecraft:skeleton":3,"minecraft:creeper":1,"minecraft:zombie":1},"minecraft:crafted":{"minecraft:oak_planks":92,"minecraft:cooked_porkchop":11,"minecraft:crafting_table":4,"minecraft:wooden_pickaxe":4,"minecraft:furnace":3,"minecraft:stone_axe":3,"minecraft:bread":38,"minecraft:air":0,"minecraft:iron_chestplate":1,"minecraft:shield":1,"minecraft:stick":36,"minecraft:iron_ingot":16,"minecraft:stone_pickaxe":4,"minecraft:stone_sword":3,"minecraft:iron_leggings":1,"minecraft:torch":16,"minecraft:wheat":108},"minecraft:broken":{"minecraft:stone_pickaxe":1}},"DataVersion":3953}