{"stats":{"minecraft:used":{"minecraft:stone_pickaxe":68,"minecraft:wooden_pickaxe":4,"minecraft:dirt":21,"minecraft:mutton":2,"minecraft:crafting_table":4,"minecraft:bread":14,"minecraft:stone_axe":86,"minecraft:cobblestone":9},"minecraft:picked_up":{"minecraft:crafting_table":5,"minecraft:wheat":6,"minecraft:brown_wool":2,"minecraft:wooden_pickaxe":2,"minecraft:potato":4,"minecraft:oak_log":23,"minecraft:yellow_bed":1,"minecraft:gunpowder":1,"minecraft:dirt":31,"minecraft:wheat_seeds":30,"minecraft:stone_pickaxe":3,"minecraft:sugar_cane":4,"minecraft:chest":3,"minecraft:oak_planks":18,"minecraft:egg":5,"minecraft:stick":4,"minecraft:raw_iron":10,"minecraft:sweet_berries":4,"minecraft:porkchop":10,"minecraft:carrot":8,"minecraft:rotten_flesh":14,"minecraft:stone_axe":2,"minecraft:beetroot_seeds":3,"minecraft:hay_block":18,"minecraft:oak_sapling":2,"minecraft:mutton":10,"minecraft:coal":11,"minecraft:cobblestone":51,"minecraft:white_wool":9},"minecraft:dropped":{"minecraft:bread":1,"minecraft:sweet_berries":2,"minecraft:wheat_seeds":1,"minecraft:rotten_flesh":4,"minecraft:brown_wool":1,"minecraft:chest":2,"minecraft:stone_pickaxe":1,"minecraft:white_wool":3},"minecraft:killed":{"minecraft:pig":6,"minecraft:creeper":1,"minecraft:sheep":5,"minecraft:zombie":5},"minecraft:custom":{"minecraft:mob_kills":17,"minecraft:interact_with_crafting_table":7,"minecraft:leave_game":4,"minecraft:time_since_death":16464,"minecraft:climb_one_cm":550,"minecraft:time_since_rest":16506,"minecraft:sprint_one_cm":92635,"minecraft:damage_taken":1221,"minecraft:walk_one_cm":71921,"minecraft:drop":10,"minecraft:damage_dealt":2371,"minecraft:swim_one_cm":2789,"minecraft:fly_one_cm":139946,"minecraft:open_chest":5,"minecraft:crouch_one_cm":3274,"minecraft:play_time":35022,"minecraft:deaths":3,"minecraft:sneak_time":1488,"minecraft:walk_under_water_one_cm":352,"minecraft:jump":824,"minecraft:walk_on_water_one_cm":4124,"minecraft:total_world_time":35022,"minecraft:fall_one_cm":24761},"minecraft:mined":{"minecraft:clay":1,"minecraft:crafting_table":3,"minecraft:short_grass":12,"minecraft:grass_block":14,"minecraft:chest":1,"minecraft:sugar_cane":1,"minecraft:hay_block":17,"minecraft:carrots":8,"minecraft:iron_ore":10,"minecraft:fire":1,"minecraft:wheat":18,"minecraft:birch_leaves":1,"minecraft:yellow_bed":1,"minecraft:oak_log":14,"minecraft:potatoes":4,"minecraft:coal_ore":11,"minecraft:beetroots":3,"minecraft:dirt":10,"minecraft:stone":49,"minecraft:oak_leaves":17},"minecraft:killed_by":{"minecraft:skeleton":2},"minecraft:crafted":{"minecraft:oak_planks":20,"minecraft:crafting_table":1,"minecraft:wooden_pickaxe":1,"minecraft:furnace":2,"minecraft:stone_axe":1,"minecraft:bread":38,"minecraft:stick":8,"minecraft:stone_pickaxe":2,"minecraft:stone_sword":1,"minecraft:wheat":108},"minecraft:broken":{"minecraft:stone_pickaxe":1}},"DataVersion":3953}