{"stats":{"minecraft:dropped":{"minecraft:bread":1,"minecraft:wheat_seeds":1,"minecraft:dirt":2,"minecraft:brown_wool":1,"minecraft:white_wool":3,"minecraft:gravel":6,"minecraft:sweet_berries":2,"minecraft:stone_sword":1,"minecraft:rotten_flesh":4,"minecraft:white_bed":1,"minecraft:chest":2,"minecraft:stone_pickaxe":1,"minecraft:egg":3},"minecraft:custom":{"minecraft:mob_kills":128,"minecraft:interact_with_crafting_table":44,"minecraft:leave_game":13,"minecraft:time_since_death":19325,"minecraft:climb_one_cm":550,"minecraft:sprint_one_cm":504811,"minecraft:walk_one_cm":325211,"minecraft:damage_blocked_by_shield":3529,"minecraft:drop":16,"minecraft:talked_to_villager":1,"minecraft:play_time":163593,"minecraft:deaths":10,"minecraft:sneak_time":7678,"minecraft:walk_under_water_one_cm":27661,"minecraft:jump":4459,"minecraft:walk_on_water_one_cm":21009,"minecraft:total_world_time":163593,"minecraft:interact_with_furnace":66,"minecraft:sleep_in_bed":2,"minecraft:time_since_rest":19981,"minecraft:damage_taken":5096,"minecraft:damage_dealt":13435,"minecraft:swim_one_cm":52024,"minecraft:fly_one_cm":923499,"minecraft:open_chest":9,"minecraft:crouch_one_cm":12391,"minecraft:fall_one_cm":125806},"minecraft:crafted":{"minecraft:oak_planks":124,"minecraft:cooked_chicken":4,"minecraft:furnace":10,"minecraft:cooked_mutton":9,"minecraft:iron_boots":1,"minecraft:stone_pickaxe":8,"minecraft:wheat":108,"minecraft:cooked_porkchop":12,"minecraft:crafting_table":6,"minecraft:wooden_pickaxe":5,"minecraft:iron_helmet":1,"minecraft:bucket":1,"minecraft:stone_axe":4,"minecraft:bread":38,"minecraft:air":0,"minecraft:iron_chestplate":2,"minecraft:shield":3,"minecraft:stick":64,"minecraft:iron_ingot":57,"minecraft:iron_pickaxe":1,"minecraft:stone_sword":4,"minecraft:iron_leggings":2,"minecraft:torch":16},"minecraft:used":{"minecraft:stone_sword":123,"minecraft:shield":48,"minecraft:cooked_chicken":4,"minecraft:rotten_flesh":3,"minecraft:iron_chestplate":1,"minecraft:torch":1,"minecraft:dirt":22,"minecraft:mutton":26,"minecraft:iron_helmet":1,"minecraft:beef":2,"minecraft:furnace":12,"minecraft:oak_sapling":1,"minecraft:egg":7,"minecraft:iron_leggings":1,"minecraft:cooked_mutton":6,"minecraft:stone_pickaxe":505,"minecraft:wooden_pickaxe":19,"minecraft:glow_berries":3,"minecraft:crafting_table":16,"minecraft:white_bed":2,"minecraft:bread":20,"minecraft:iron_pickaxe":150,"minecraft:stone_axe":217,"minecraft:cobblestone":83,"minecraft:cooked_porkchop":12,"minecraft:porkchop":11,"minecraft:bucket":1},"minecraft:broken":{"minecraft:stone_pickaxe":4,"minecraft:shield":1},"minecraft:killed":{"minecraft:spider":1,"minecraft:skeleton":6,"minecraft:chicken":12,"minecraft:pig":27,"minecraft:salmon":25,"minecraft:creeper":2,"minecraft:sheep":32,"minecraft:zombie":21,"minecraft:cow":1,"minecraft:enderman":1},"minecraft:picked_up":{"minecraft:crafting_table":17,"minecraft:wheat":6,"minecraft:chicken":19,"minecraft:wooden_pickaxe":4,"minecraft:cobbled_deepslate":111,"minecraft:beef":4,"minecraft:sugar_cane":14,"minecraft:chest":4,"minecraft:egg":16,"minecraft:furnace":6,"minecraft:stick":12,"minecraft:raw_iron":127,"minecraft:torch":1,"minecraft:porkchop":64,"minecraft:pointed_dripstone":5,"minecraft:carrot":9,"minecraft:redstone":41,"minecraft:stone_sword":1,"minecraft:arrow":8,"minecraft:rotten_flesh":28,"minecraft:beetroot_seeds":3,"minecraft:hay_block":18,"minecraft:mutton":50,"minecraft:cobblestone":298,"minecraft:white_wool":48,"minecraft:feather":24,"minecraft:salmon":27,"minecraft:brown_wool":2,"minecraft:leather":4,"minecraft:potato":4,"minecraft:flint":1,"minecraft:tuff":5,"minecraft:oak_log":84,"minecraft:yellow_bed":1,"minecraft:gunpowder":2,"minecraft:lapis_lazuli":32,"minecraft:dirt":46,"minecraft:bone":13,"minecraft:bow":1,"minecraft:wheat_seeds":34,"minecraft:raw_gold":21,"minecraft:stone_pickaxe":4,"minecraft:iron_ingot":3,"minecraft:oak_planks":55,"minecraft:sweet_berries":4,"minecraft:gravel":11,"minecraft:ink_sac":3,"minecraft:white_bed":4,"minecraft:spider_eye":1,"minecraft:diamond":23,"minecraft:stone_axe":3,"minecraft:granite":6,"minecraft:bone_meal":1,"minecraft:gray_wool":2,"minecraft:oak_sapling":3,"minecraft:coal":62,"minecraft:black_wool":1},"minecraft:mined":{"minecraft:tuff":5,"minecraft:white_bed":3,"minecraft:deepslate_diamond_ore":23,"minecraft:granite":6,"minecraft:grass_block":20,"minecraft:spawner":1,"minecraft:hay_block":17,"minecraft:furnace":6,"minecraft:carrots":8,"minecraft:iron_ore":103,"minecraft:fire":1,"minecraft:andesite":8,"minecraft:deepslate_lapis_ore":5,"minecraft:pointed_dripstone":2,"minecraft:potatoes":4,"minecraft:deepslate_iron_ore":14,"minecraft:stone":265,"minecraft:deepslate_redstone_ore":9,"minecraft:dandelion":1,"minecraft:clay":1,"minecraft:crafting_table":14,"minecraft:short_grass":20,"minecraft:chest":2,"minecraft:tall_grass":3,"minecraft:cobblestone":18,"minecraft:lapis_ore":1,"minecraft:deepslate_gold_ore":20,"minecraft:oak_planks":5,"minecraft:sugar_cane":6,"minecraft:wheat":18,"minecraft:birch_leaves":1,"minecraft:yellow_bed":1,"minecraft:oak_log":76,"minecraft:coal_ore":47,"minecraft:beetroots":3,"minecraft:gravel":5,"minecraft:dirt":12,"minecraft:gold_ore":1,"minecraft:oak_leaves":17,"minecraft:deepslate":108},"minecraft:killed_by":{"minecraft:creeper":1,"minecraft:enderman":1,"minecraft:skeleton":5,"minecraft:zombie":2}},"DataVersion":3953}