{"stats":{"minecraft:used":{"minecraft:stone_sword":35,"minecraft:stone_pickaxe":119,"minecraft:wooden_pickaxe":13,"minecraft:shield":2,"minecraft:rotten_flesh":3,"minecraft:iron_chestplate":1,"minecraft:torch":1,"minecraft:dirt":22,"minecraft:mutton":2,"minecraft:crafting_table":7,"minecraft:bread":20,"minecraft:stone_axe":120,"minecraft:cobblestone":11,"minecraft:furnace":2,"minecraft:porkchop":4,"minecraft:bucket":1,"minecraft:egg":3,"minecraft:iron_leggings":1},"minecraft:picked_up":{"minecraft:crafting_table":9,"minecraft:wheat":6,"minecraft:brown_wool":2,"minecraft:wooden_pickaxe":3,"minecraft:potato":4,"minecraft:oak_log":68,"minecraft:yellow_bed":1,"minecraft:gunpowder":1,"minecraft:dirt":44,"minecraft:bone":2,"minecraft:wheat_seeds":30,"minecraft:cobbled_deepslate":2,"minecraft:stone_pickaxe":3,"minecraft:sugar_cane":4,"minecraft:chest":4,"minecraft:oak_planks":27,"minecraft:egg":8,"minecraft:furnace":2,"minecraft:stick":10,"minecraft:raw_iron":21,"minecraft:sweet_berries":4,"minecraft:torch":1,"minecraft:porkchop":14,"minecraft:white_bed":1,"minecraft:carrot":9,"minecraft:rotten_flesh":22,"minecraft:stone_axe":2,"minecraft:beetroot_seeds":3,"minecraft:hay_block":18,"minecraft:oak_sapling":2,"minecraft:mutton":10,"minecraft:coal":21,"minecraft:white_wool":9,"minecraft:cobblestone":89},"minecraft:dropped":{"minecraft:bread":1,"minecraft:sweet_berries":2,"minecraft:wheat_seeds":1,"minecraft:rotten_flesh":4,"minecraft:dirt":2,"minecraft:brown_wool":1,"minecraft:chest":2,"minecraft:stone_pickaxe":1,"minecraft:white_wool":3},"minecraft:killed":{"minecraft:pig":8,"minecraft:creeper":1,"minecraft:sheep":5,"minecraft:skeleton":1,"minecraft:zombie":12},"minecraft:custom":{"minecraft:interact_with_furnace":10,"minecraft:mob_kills":27,"minecraft:interact_with_crafting_table":20,"minecraft:leave_game":6,"minecraft:time_since_death":5230,"minecraft:climb_one_cm":550,"minecraft:time_since_rest":5328,"minecraft:sprint_one_cm":199151,"minecraft:damage_taken":2273,"minecraft:walk_one_cm":134523,"minecraft:damage_blocked_by_shield":120,"minecraft:drop":11,"minecraft:damage_dealt":4316,"minecraft:swim_one_cm":14078,"minecraft:talked_to_villager":1,"minecraft:fly_one_cm":294403,"minecraft:open_chest":9,"minecraft:play_time":63922,"minecraft:crouch_one_cm":5454,"minecraft:deaths":6,"minecraft:sneak_time":2468,"minecraft:walk_under_water_one_cm":1555,"minecraft:jump":1744,"minecraft:walk_on_water_one_cm":8412,"minecraft:total_world_time":63922,"minecraft:fall_one_cm":50417},"minecraft:mined":{"minecraft:white_bed":1,"minecraft:clay":1,"minecraft:crafting_table":7,"minecraft:short_grass":14,"minecraft:grass_block":19,"minecraft:chest":2,"minecraft:tall_grass":1,"minecraft:cobblestone":9,"minecraft:sugar_cane":1,"minecraft:spawner":1,"minecraft:hay_block":17,"minecraft:furnace":2,"minecraft:carrots":8,"minecraft:iron_ore":18,"minecraft:wheat":18,"minecraft:fire":1,"minecraft:birch_leaves":1,"minecraft:yellow_bed":1,"minecraft:oak_log":60,"minecraft:potatoes":4,"minecraft:coal_ore":17,"minecraft:beetroots":3,"minecraft:deepslate_iron_ore":3,"minecraft:dirt":12,"minecraft:stone":78,"minecraft:oak_leaves":17,"minecraft:deepslate":2},"minecraft:killed_by":{"minecraft:skeleton":3,"minecraft:creeper":1,"minecraft:zombie":1},"minecraft:crafted":{"minecraft:oak_planks":92,"minecraft:crafting_table":4,"minecraft:wooden_pickaxe":4,"minecraft:furnace":2,"minecraft:stone_axe":3,"minecraft:bread":38,"minecraft:air":0,"minecraft:iron_chestplate":1,"minecraft:shield":1,"minecraft:stick":36,"minecraft:iron_ingot":16,"minecraft:stone_pickaxe":4,"minecraft:stone_sword":3,"minecraft:iron_leggings":1,"minecraft:torch":16,"minecraft:wheat":108},"minecraft:broken":{"minecraft:stone_pickaxe":1}},"DataVersion":3953}