{"stats":{"minecraft:used":{"minecraft:stone_sword":123,"minecraft:shield":48,"minecraft:cooked_chicken":4,"minecraft:rotten_flesh":3,"minecraft:iron_chestplate":1,"minecraft:torch":1,"minecraft:dirt":22,"minecraft:mutton":26,"minecraft:iron_helmet":1,"minecraft:furnace":8,"minecraft:oak_sapling":1,"minecraft:egg":5,"minecraft:iron_leggings":1,"minecraft:cooked_mutton":6,"minecraft:stone_pickaxe":397,"minecraft:wooden_pickaxe":19,"minecraft:crafting_table":14,"minecraft:white_bed":2,"minecraft:bread":20,"minecraft:iron_pickaxe":150,"minecraft:stone_axe":204,"minecraft:cobblestone":81,"minecraft:cooked_porkchop":12,"minecraft:porkchop":7,"minecraft:bucket":1},"minecraft:picked_up":{"minecraft:crafting_table":15,"minecraft:wheat":6,"minecraft:chicken":11,"minecraft:wooden_pickaxe":3,"minecraft:cobbled_deepslate":111,"minecraft:beef":2,"minecraft:sugar_cane":14,"minecraft:chest":4,"minecraft:egg":14,"minecraft:furnace":6,"minecraft:stick":10,"minecraft:raw_iron":89,"minecraft:torch":1,"minecraft:porkchop":46,"minecraft:pointed_dripstone":5,"minecraft:carrot":9,"minecraft:redstone":41,"minecraft:stone_sword":1,"minecraft:arrow":8,"minecraft:rotten_flesh":28,"minecraft:beetroot_seeds":3,"minecraft:hay_block":18,"minecraft:mutton":43,"minecraft:cobblestone":247,"minecraft:white_wool":30,"minecraft:feather":13,"minecraft:salmon":2,"minecraft:brown_wool":2,"minecraft:leather":2,"minecraft:potato":4,"minecraft:flint":1,"minecraft:tuff":5,"minecraft:oak_log":84,"minecraft:yellow_bed":1,"minecraft:gunpowder":2,"minecraft:lapis_lazuli":32,"minecraft:dirt":45,"minecraft:bone":13,"minecraft:bow":1,"minecraft:wheat_seeds":32,"minecraft:raw_gold":21,"minecraft:stone_pickaxe":3,"minecraft:iron_ingot":3,"minecraft:oak_planks":46,"minecraft:sweet_berries":4,"minecraft:gravel":11,"minecraft:white_bed":4,"minecraft:spider_eye":1,"minecraft:diamond":23,"minecraft:stone_axe":2,"minecraft:granite":6,"minecraft:gray_wool":1,"minecraft:oak_sapling":3,"minecraft:coal":51,"minecraft:black_wool":1},"minecraft:dropped":{"minecraft:bread":1,"minecraft:wheat_seeds":1,"minecraft:dirt":2,"minecraft:brown_wool":1,"minecraft:white_wool":3,"minecraft:gravel":6,"minecraft:sweet_berries":2,"minecraft:stone_sword":1,"minecraft:rotten_flesh":4,"minecraft:white_bed":1,"minecraft:chest":2,"minecraft:stone_pickaxe":1,"minecraft:egg":3},"minecraft:killed":{"minecraft:spider":1,"minecraft:skeleton":6,"minecraft:chicken":11,"minecraft:pig":26,"minecraft:salmon":2,"minecraft:creeper":2,"minecraft:sheep":28,"minecraft:zombie":21,"minecraft:cow":1,"minecraft:enderman":1},"minecraft:custom":{"minecraft:mob_kills":99,"minecraft:interact_with_crafting_table":38,"minecraft:leave_game":12,"minecraft:time_since_death":0,"minecraft:climb_one_cm":550,"minecraft:sprint_one_cm":472321,"minecraft:walk_one_cm":311222,"minecraft:damage_blocked_by_shield":3529,"minecraft:drop":16,"minecraft:talked_to_villager":1,"minecraft:play_time":144198,"minecraft:deaths":10,"minecraft:sneak_time":6075,"minecraft:walk_under_water_one_cm":5347,"minecraft:jump":4234,"minecraft:walk_on_water_one_cm":15559,"minecraft:total_world_time":144198,"minecraft:interact_with_furnace":57,"minecraft:sleep_in_bed":2,"minecraft:time_since_rest":586,"minecraft:damage_taken":4951,"minecraft:damage_dealt":12335,"minecraft:swim_one_cm":26297,"minecraft:fly_one_cm":669945,"minecraft:open_chest":9,"minecraft:crouch_one_cm":12121,"minecraft:fall_one_cm":118396},"minecraft:mined":{"minecraft:tuff":5,"minecraft:white_bed":3,"minecraft:deepslate_diamond_ore":23,"minecraft:granite":6,"minecraft:grass_block":20,"minecraft:spawner":1,"minecraft:hay_block":17,"minecraft:furnace":6,"minecraft:carrots":8,"minecraft:iron_ore":66,"minecraft:fire":1,"minecraft:andesite":8,"minecraft:deepslate_lapis_ore":5,"minecraft:pointed_dripstone":2,"minecraft:potatoes":4,"minecraft:deepslate_iron_ore":14,"minecraft:stone":224,"minecraft:deepslate_redstone_ore":9,"minecraft:dandelion":1,"minecraft:clay":1,"minecraft:crafting_table":13,"minecraft:short_grass":20,"minecraft:chest":2,"minecraft:tall_grass":3,"minecraft:cobblestone":18,"minecraft:lapis_ore":1,"minecraft:deepslate_gold_ore":20,"minecraft:sugar_cane":6,"minecraft:wheat":18,"minecraft:birch_leaves":1,"minecraft:yellow_bed":1,"minecraft:oak_log":76,"minecraft:coal_ore":40,"minecraft:beetroots":3,"minecraft:gravel":5,"minecraft:dirt":12,"minecraft:gold_ore":1,"minecraft:oak_leaves":17,"minecraft:deepslate":108},"minecraft:killed_by":{"minecraft:creeper":1,"minecraft:enderman":1,"minecraft:skeleton":5,"minecraft:zombie":2},"minecraft:crafted":{"minecraft:oak_planks":124,"minecraft:cooked_chicken":4,"minecraft:furnace":6,"minecraft:cooked_mutton":9,"minecraft:iron_boots":1,"minecraft:stone_pickaxe":7,"minecraft:wheat":108,"minecraft:cooked_porkchop":12,"minecraft:crafting_table":6,"minecraft:wooden_pickaxe":5,"minecraft:iron_helmet":1,"minecraft:bucket":1,"minecraft:stone_axe":4,"minecraft:bread":38,"minecraft:air":0,"minecraft:iron_chestplate":2,"minecraft:shield":3,"minecraft:stick":60,"minecraft:iron_ingot":53,"minecraft:iron_pickaxe":1,"minecraft:stone_sword":3,"minecraft:iron_leggings":2,"minecraft:torch":16},"minecraft:broken":{"minecraft:stone_pickaxe":3,"minecraft:shield":1}},"DataVersion":3953}