{"stats":{"minecraft:used":{"minecraft:stone_pickaxe":123,"minecraft:oak_planks":5,"minecraft:wooden_pickaxe":3,"minecraft:dirt":1,"minecraft:crafting_table":5,"minecraft:white_bed":1,"minecraft:spruce_log":1,"minecraft:apple":1,"minecraft:iron_pickaxe":4,"minecraft:gravel":3,"minecraft:stone_axe":138,"minecraft:golden_sword":22,"minecraft:sweet_berries":59,"minecraft:furnace":2,"minecraft:egg":1,"minecraft:cooked_beef":5},"minecraft:picked_up":{"minecraft:crafting_table":6,"minecraft:feather":5,"minecraft:chicken":9,"minecraft:leather":30,"minecraft:wooden_pickaxe":3,"minecraft:gold_block":1,"minecraft:oak_log":14,"minecraft:gunpowder":1,"minecraft:dirt":32,"minecraft:string":1,"minecraft:raw_copper":26,"minecraft:bone":2,"minecraft:apple":1,"minecraft:wheat_seeds":6,"minecraft:beef":62,"minecraft:stone_pickaxe":1,"minecraft:sugar_cane":20,"minecraft:oak_planks":21,"minecraft:furnace":2,"minecraft:egg":2,"minecraft:stick":5,"minecraft:raw_iron":14,"minecraft:pumpkin":9,"minecraft:sweet_berries":99,"minecraft:gravel":3,"minecraft:porkchop":33,"minecraft:cherry_log":22,"minecraft:spruce_sapling":8,"minecraft:white_bed":1,"minecraft:spruce_log":49,"minecraft:spider_eye":1,"minecraft:rotten_flesh":3,"minecraft:stone_axe":1,"minecraft:cherry_sapling":8,"minecraft:emerald":2,"minecraft:oak_sapling":4,"minecraft:mutton":27,"minecraft:coal":126,"minecraft:white_wool":18,"minecraft:cobblestone":122},"minecraft:dropped":{"minecraft:stone_axe":1,"minecraft:wheat_seeds":2,"minecraft:cobblestone":47,"minecraft:rotten_flesh":3,"minecraft:golden_sword":2,"minecraft:gold_nugget":9,"minecraft:golden_hoe":1,"minecraft:beef":3,"minecraft:wooden_pickaxe":4,"minecraft:string":1},"minecraft:killed":{"minecraft:pig":9,"minecraft:spider":2,"minecraft:creeper":1,"minecraft:sheep":20,"minecraft:zombie":3,"minecraft:chicken":6,"minecraft:cow":28},"minecraft:custom":{"minecraft:interact_with_furnace":9,"minecraft:mob_kills":69,"minecraft:interact_with_crafting_table":8,"minecraft:time_since_death":47638,"minecraft:sleep_in_bed":3,"minecraft:time_since_rest":26730,"minecraft:sprint_one_cm":255699,"minecraft:damage_taken":898,"minecraft:walk_one_cm":135622,"minecraft:drop":14,"minecraft:damage_dealt":6877,"minecraft:swim_one_cm":61069,"minecraft:fly_one_cm":253798,"minecraft:open_chest":4,"minecraft:crouch_one_cm":1894,"minecraft:play_time":58469,"minecraft:deaths":1,"minecraft:sneak_time":824,"minecraft:walk_under_water_one_cm":1671,"minecraft:jump":1597,"minecraft:walk_on_water_one_cm":14143,"minecraft:total_world_time":58469,"minecraft:fall_one_cm":43134},"minecraft:mined":{"minecraft:white_bed":1,"minecraft:cherry_log":22,"minecraft:crafting_table":5,"minecraft:short_grass":2,"minecraft:emerald_ore":2,"minecraft:grass_block":8,"minecraft:copper_ore":8,"minecraft:spruce_leaves":20,"minecraft:sugar_cane":7,"minecraft:furnace":2,"minecraft:iron_ore":12,"minecraft:spruce_log":31,"minecraft:birch_leaves":1,"minecraft:pumpkin":9,"minecraft:gold_block":1,"minecraft:oak_log":14,"minecraft:coal_ore":43,"minecraft:cherry_leaves":9,"minecraft:gravel":3,"minecraft:dirt":17,"minecraft:stone":62},"minecraft:killed_by":{"minecraft:creeper":1},"minecraft:crafted":{"minecraft:cooked_beef":21,"minecraft:oak_planks":40,"minecraft:crafting_table":2,"minecraft:wooden_pickaxe":1,"minecraft:furnace":1,"minecraft:stone_axe":3,"minecraft:air":0,"minecraft:stick":12,"minecraft:iron_ingot":3,"minecraft:iron_pickaxe":1,"minecraft:stone_pickaxe":1,"minecraft:white_bed":1},"minecraft:broken":{"minecraft:stone_axe":1}},"DataVersion":3953}