{"stats":{"minecraft:used":{"minecraft:apple":1,"minecraft:stone_pickaxe":39,"minecraft:wooden_pickaxe":3,"minecraft:stone_axe":43,"minecraft:sweet_berries":24,"minecraft:crafting_table":2,"minecraft:egg":1},"minecraft:picked_up":{"minecraft:crafting_table":3,"minecraft:feather":2,"minecraft:chicken":6,"minecraft:sweet_berries":99,"minecraft:leather":4,"minecraft:wooden_pickaxe":3,"minecraft:porkchop":22,"minecraft:oak_log":14,"minecraft:spruce_sapling":8,"minecraft:gunpowder":1,"minecraft:spruce_log":48,"minecraft:dirt":12,"minecraft:bone":2,"minecraft:apple":1,"minecraft:stone_axe":1,"minecraft:wheat_seeds":4,"minecraft:beef":6,"minecraft:stone_pickaxe":1,"minecraft:oak_sapling":4,"minecraft:sugar_cane":6,"minecraft:oak_planks":21,"minecraft:coal":50,"minecraft:cobblestone":28,"minecraft:egg":2},"minecraft:dropped":{"minecraft:stone_axe":1,"minecraft:wooden_pickaxe":4},"minecraft:killed":{"minecraft:pig":5,"minecraft:chicken":3,"minecraft:spider":1,"minecraft:cow":1},"minecraft:custom":{"minecraft:time_since_rest":11671,"minecraft:walk_one_cm":48184,"minecraft:sprint_one_cm":105341,"minecraft:damage_taken":418,"minecraft:mob_kills":10,"minecraft:drop":5,"minecraft:damage_dealt":1059,"minecraft:swim_one_cm":54828,"minecraft:interact_with_crafting_table":4,"minecraft:fly_one_cm":77550,"minecraft:open_chest":1,"minecraft:crouch_one_cm":195,"minecraft:play_time":22469,"minecraft:deaths":1,"minecraft:sneak_time":40,"minecraft:walk_under_water_one_cm":1187,"minecraft:jump":471,"minecraft:walk_on_water_one_cm":11030,"minecraft:time_since_death":11638,"minecraft:total_world_time":22469,"minecraft:fall_one_cm":9049},"minecraft:mined":{"minecraft:spruce_log":30,"minecraft:crafting_table":2,"minecraft:short_grass":1,"minecraft:coal_ore":25,"minecraft:grass_block":3,"minecraft:oak_log":14,"minecraft:dirt":3,"minecraft:spruce_leaves":20,"minecraft:stone":17,"minecraft:sugar_cane":1},"minecraft:killed_by":{"minecraft:creeper":1},"minecraft:crafted":{"minecraft:oak_planks":40,"minecraft:crafting_table":2,"minecraft:stick":12,"minecraft:wooden_pickaxe":1,"minecraft:stone_pickaxe":1,"minecraft:stone_axe":2}},"DataVersion":3953}