{"stats":{"minecraft:broken":{"minecraft:iron_shovel":3,"minecraft:stone_pickaxe":1,"minecraft:iron_axe":1,"minecraft:stone_axe":2,"minecraft:iron_pickaxe":3,"minecraft:bow":1},"minecraft:killed_by":{"minecraft:creeper":1},"minecraft:mined":{"minecraft:spruce_planks":9,"minecraft:white_bed":4,"minecraft:cherry_log":22,"minecraft:grass_block":8,"minecraft:spruce_leaves":22,"minecraft:spruce_sapling":1,"minecraft:furnace":2,"minecraft:iron_ore":234,"minecraft:snow":39,"minecraft:stripped_spruce_log":1,"minecraft:pumpkin":9,"minecraft:gold_block":1,"minecraft:bell":1,"minecraft:stone":635,"minecraft:spruce_slab":72,"minecraft:snow_block":776,"minecraft:powder_snow":9,"minecraft:crafting_table":5,"minecraft:torch":1,"minecraft:short_grass":2,"minecraft:emerald_ore":6,"minecraft:copper_ore":8,"minecraft:cobblestone":2,"minecraft:sugar_cane":7,"minecraft:wall_torch":1,"minecraft:pink_petals":1,"minecraft:spruce_stairs":3,"minecraft:cobblestone_wall":1,"minecraft:sweet_berry_bush":2,"minecraft:spruce_log":220,"minecraft:birch_leaves":1,"minecraft:oak_log":14,"minecraft:coal_ore":156,"minecraft:cherry_leaves":9,"minecraft:gravel":6,"minecraft:dripstone_block":1,"minecraft:dirt":98},"minecraft:dropped":{"minecraft:wheat_seeds":2,"minecraft:cobblestone":47,"minecraft:flint":4,"minecraft:dirt":64,"minecraft:snowball":1724,"minecraft:gold_nugget":9,"minecraft:golden_hoe":1,"minecraft:string":1,"minecraft:gravel":2,"minecraft:stone_axe":1,"minecraft:rotten_flesh":7,"minecraft:gunpowder":1,"minecraft:golden_sword":2,"minecraft:spider_eye":1,"minecraft:wooden_pickaxe":4,"minecraft:beef":3},"minecraft:killed":{"minecraft:spider":3,"minecraft:skeleton":2,"minecraft:chicken":6,"minecraft:pig":12,"minecraft:creeper":7,"minecraft:sheep":20,"minecraft:goat":2,"minecraft:zombie":10,"minecraft:cow":28},"minecraft:custom":{"minecraft:mob_kills":90,"minecraft:interact_with_crafting_table":74,"minecraft:leave_game":3,"minecraft:time_since_death":280462,"minecraft:sprint_one_cm":569348,"minecraft:walk_one_cm":518423,"minecraft:damage_blocked_by_shield":60,"minecraft:drop":130,"minecraft:play_time":291293,"minecraft:deaths":1,"minecraft:sneak_time":25213,"minecraft:walk_under_water_one_cm":9915,"minecraft:jump":5079,"minecraft:walk_on_water_one_cm":34416,"minecraft:total_world_time":291293,"minecraft:interact_with_furnace":72,"minecraft:sleep_in_bed":11,"minecraft:time_since_rest":6626,"minecraft:damage_taken":2576,"minecraft:damage_dealt":10612,"minecraft:swim_one_cm":75408,"minecraft:fly_one_cm":646062,"minecraft:open_chest":69,"minecraft:crouch_one_cm":74092,"minecraft:fall_one_cm":148024},"minecraft:crafted":{"minecraft:oak_planks":56,"minecraft:furnace":3,"minecraft:stone_button":5,"minecraft:stone":51,"minecraft:spruce_fence":12,"minecraft:cooked_mutton":27,"minecraft:spruce_stairs":48,"minecraft:stone_brick_slab":84,"minecraft:iron_boots":1,"minecraft:iron_axe":2,"minecraft:spruce_slab":156,"minecraft:stone_pickaxe":1,"minecraft:cobblestone_wall":18,"minecraft:chest":2,"minecraft:stone_bricks":44,"minecraft:cooked_beef":56,"minecraft:cooked_porkchop":28,"minecraft:crafting_table":3,"minecraft:spruce_planks":212,"minecraft:wooden_pickaxe":1,"minecraft:iron_helmet":1,"minecraft:stone_axe":3,"minecraft:air":0,"minecraft:iron_chestplate":1,"minecraft:shield":1,"minecraft:stick":24,"minecraft:iron_ingot":195,"minecraft:iron_pickaxe":4,"minecraft:snow_block":96,"minecraft:iron_shovel":4,"minecraft:iron_leggings":1,"minecraft:white_bed":1,"minecraft:torch":44},"minecraft:used":{"minecraft:cherry_sapling":3,"minecraft:iron_shovel":890,"minecraft:spruce_slab":209,"minecraft:shield":1,"minecraft:chest":2,"minecraft:spruce_planks":38,"minecraft:stone":2,"minecraft:rotten_flesh":1,"minecraft:torch":15,"minecraft:dirt":104,"minecraft:spruce_stairs":47,"minecraft:cobblestone_wall":13,"minecraft:spruce_fence":8,"minecraft:snowball":52,"minecraft:stripped_spruce_log":1,"minecraft:iron_axe":322,"minecraft:golden_sword":22,"minecraft:bow":2,"minecraft:sweet_berries":72,"minecraft:furnace":5,"minecraft:egg":1,"minecraft:cooked_beef":23,"minecraft:cooked_mutton":6,"minecraft:stone_pickaxe":131,"minecraft:oak_planks":5,"minecraft:wooden_pickaxe":3,"minecraft:crafting_table":8,"minecraft:white_bed":5,"minecraft:spruce_log":100,"minecraft:apple":1,"minecraft:iron_pickaxe":917,"minecraft:stone_button":5,"minecraft:spruce_sapling":13,"minecraft:gravel":3,"minecraft:stone_axe":231,"minecraft:cobblestone":10},"minecraft:picked_up":{"minecraft:crafting_table":6,"minecraft:chicken":9,"minecraft:wooden_pickaxe":3,"minecraft:gold_block":1,"minecraft:string":2,"minecraft:raw_copper":26,"minecraft:spruce_planks":9,"minecraft:beef":62,"minecraft:spruce_slab":60,"minecraft:sugar_cane":20,"minecraft:egg":2,"minecraft:furnace":2,"minecraft:stick":27,"minecraft:raw_iron":236,"minecraft:torch":2,"minecraft:spruce_stairs":3,"minecraft:porkchop":39,"minecraft:cherry_log":22,"minecraft:arrow":5,"minecraft:rotten_flesh":9,"minecraft:mutton":27,"minecraft:snowball":2114,"minecraft:white_wool":18,"minecraft:cobblestone":694,"minecraft:feather":5,"minecraft:leather":30,"minecraft:oak_log":14,"minecraft:cobblestone_wall":1,"minecraft:gunpowder":5,"minecraft:dirt":186,"minecraft:bone":9,"minecraft:apple":1,"minecraft:bow":1,"minecraft:wheat_seeds":6,"minecraft:bell":1,"minecraft:stone_pickaxe":1,"minecraft:oak_planks":21,"minecraft:pumpkin":9,"minecraft:sweet_berries":99,"minecraft:gravel":5,"minecraft:stripped_spruce_log":1,"minecraft:spruce_sapling":40,"minecraft:white_bed":4,"minecraft:spruce_log":238,"minecraft:spider_eye":1,"minecraft:stone_axe":1,"minecraft:cherry_sapling":8,"minecraft:emerald":6,"minecraft:oak_sapling":4,"minecraft:coal":236}},"DataVersion":3953}