{"stats":{"minecraft:used":{"minecraft:stone_pickaxe":118,"minecraft:oak_planks":5,"minecraft:wooden_pickaxe":3,"minecraft:dirt":1,"minecraft:crafting_table":4,"minecraft:white_bed":1,"minecraft:spruce_log":1,"minecraft:apple":1,"minecraft:iron_pickaxe":4,"minecraft:gravel":3,"minecraft:stone_axe":91,"minecraft:golden_sword":22,"minecraft:sweet_berries":56,"minecraft:furnace":2,"minecraft:egg":1},"minecraft:picked_up":{"minecraft:crafting_table":5,"minecraft:feather":5,"minecraft:chicken":9,"minecraft:leather":12,"minecraft:wooden_pickaxe":3,"minecraft:gold_block":1,"minecraft:oak_log":14,"minecraft:gunpowder":1,"minecraft:dirt":29,"minecraft:string":1,"minecraft:raw_copper":26,"minecraft:bone":2,"minecraft:apple":1,"minecraft:wheat_seeds":6,"minecraft:beef":24,"minecraft:stone_pickaxe":1,"minecraft:sugar_cane":20,"minecraft:oak_planks":21,"minecraft:furnace":2,"minecraft:egg":2,"minecraft:stick":5,"minecraft:raw_iron":9,"minecraft:sweet_berries":99,"minecraft:gravel":3,"minecraft:porkchop":22,"minecraft:cherry_log":22,"minecraft:spruce_sapling":8,"minecraft:white_bed":1,"minecraft:spruce_log":49,"minecraft:spider_eye":1,"minecraft:rotten_flesh":3,"minecraft:stone_axe":1,"minecraft:cherry_sapling":8,"minecraft:emerald":2,"minecraft:oak_sapling":4,"minecraft:mutton":19,"minecraft:coal":126,"minecraft:white_wool":13,"minecraft:cobblestone":75},"minecraft:dropped":{"minecraft:stone_axe":1,"minecraft:wheat_seeds":2,"minecraft:rotten_flesh":3,"minecraft:golden_sword":2,"minecraft:golden_hoe":1,"minecraft:wooden_pickaxe":4},"minecraft:killed":{"minecraft:pig":5,"minecraft:spider":2,"minecraft:creeper":1,"minecraft:sheep":13,"minecraft:zombie":2,"minecraft:chicken":6,"minecraft:cow":10},"minecraft:custom":{"minecraft:interact_with_furnace":9,"minecraft:mob_kills":39,"minecraft:interact_with_crafting_table":7,"minecraft:time_since_death":35638,"minecraft:sleep_in_bed":3,"minecraft:time_since_rest":14730,"minecraft:sprint_one_cm":175107,"minecraft:damage_taken":658,"minecraft:walk_one_cm":98090,"minecraft:drop":10,"minecraft:damage_dealt":3917,"minecraft:swim_one_cm":61069,"minecraft:fly_one_cm":173960,"minecraft:open_chest":4,"minecraft:crouch_one_cm":1894,"minecraft:play_time":46469,"minecraft:deaths":1,"minecraft:sneak_time":824,"minecraft:walk_under_water_one_cm":1671,"minecraft:jump":1055,"minecraft:walk_on_water_one_cm":14143,"minecraft:total_world_time":46469,"minecraft:fall_one_cm":25387},"minecraft:mined":{"minecraft:white_bed":1,"minecraft:cherry_log":22,"minecraft:crafting_table":4,"minecraft:short_grass":1,"minecraft:emerald_ore":2,"minecraft:grass_block":6,"minecraft:copper_ore":8,"minecraft:spruce_leaves":20,"minecraft:sugar_cane":7,"minecraft:furnace":2,"minecraft:iron_ore":7,"minecraft:spruce_log":31,"minecraft:gold_block":1,"minecraft:oak_log":14,"minecraft:coal_ore":43,"minecraft:cherry_leaves":9,"minecraft:gravel":3,"minecraft:dirt":16,"minecraft:stone":62},"minecraft:killed_by":{"minecraft:creeper":1},"minecraft:crafted":{"minecraft:cooked_beef":21,"minecraft:oak_planks":40,"minecraft:crafting_table":2,"minecraft:wooden_pickaxe":1,"minecraft:furnace":1,"minecraft:stone_axe":2,"minecraft:air":0,"minecraft:stick":12,"minecraft:iron_ingot":3,"minecraft:iron_pickaxe":1,"minecraft:stone_pickaxe":1,"minecraft:white_bed":1}},"DataVersion":3953}