{"stats":{"minecraft:used":{"minecraft:stone_pickaxe":12,"minecraft:wooden_pickaxe":3,"minecraft:stone_axe":20,"minecraft:crafting_table":1},"minecraft:picked_up":{"minecraft:crafting_table":1,"minecraft:feather":2,"minecraft:chicken":2,"minecraft:sweet_berries":23,"minecraft:wooden_pickaxe":3,"minecraft:oak_log":8,"minecraft:spruce_sapling":2,"minecraft:spruce_log":12,"minecraft:dirt":6,"minecraft:stone_axe":1,"minecraft:wheat_seeds":1,"minecraft:cobblestone":15},"minecraft:dropped":{"minecraft:stone_axe":1,"minecraft:wooden_pickaxe":4},"minecraft:killed":{"minecraft:chicken":2},"minecraft:custom":{"minecraft:time_since_rest":4469,"minecraft:walk_one_cm":11507,"minecraft:sprint_one_cm":14030,"minecraft:damage_taken":40,"minecraft:mob_kills":2,"minecraft:drop":5,"minecraft:damage_dealt":80,"minecraft:interact_with_crafting_table":3,"minecraft:fly_one_cm":6545,"minecraft:crouch_one_cm":195,"minecraft:play_time":4469,"minecraft:sneak_time":30,"minecraft:jump":41,"minecraft:time_since_death":4469,"minecraft:total_world_time":4469,"minecraft:fall_one_cm":1047},"minecraft:mined":{"minecraft:spruce_log":13,"minecraft:crafting_table":1,"minecraft:short_grass":1,"minecraft:grass_block":3,"minecraft:oak_log":8,"minecraft:dirt":3,"minecraft:spruce_leaves":3,"minecraft:stone":15},"minecraft:crafted":{"minecraft:oak_planks":32,"minecraft:crafting_table":1,"minecraft:stick":8,"minecraft:wooden_pickaxe":1,"minecraft:stone_pickaxe":1,"minecraft:stone_axe":1}},"DataVersion":3953}