{"stats":{"minecraft:killed_by":{"minecraft:creeper":1},"minecraft:dropped":{"minecraft:stone_axe":1,"minecraft:wheat_seeds":2,"minecraft:cobblestone":47,"minecraft:rotten_flesh":3,"minecraft:flint":4,"minecraft:dirt":64,"minecraft:gunpowder":1,"minecraft:snowball":1724,"minecraft:golden_sword":2,"minecraft:spider_eye":1,"minecraft:gold_nugget":9,"minecraft:golden_hoe":1,"minecraft:wooden_pickaxe":4,"minecraft:beef":3,"minecraft:string":1},"minecraft:broken":{"minecraft:stone_pickaxe":1,"minecraft:iron_shovel":3,"minecraft:stone_axe":2,"minecraft:iron_pickaxe":1},"minecraft:used":{"minecraft:cherry_sapling":3,"minecraft:iron_shovel":820,"minecraft:stone_pickaxe":131,"minecraft:oak_planks":5,"minecraft:wooden_pickaxe":3,"minecraft:chest":2,"minecraft:rotten_flesh":1,"minecraft:dirt":31,"minecraft:crafting_table":7,"minecraft:white_bed":5,"minecraft:snowball":27,"minecraft:spruce_log":1,"minecraft:apple":1,"minecraft:iron_axe":125,"minecraft:iron_pickaxe":435,"minecraft:gravel":3,"minecraft:spruce_sapling":13,"minecraft:stone_axe":231,"minecraft:golden_sword":22,"minecraft:cobblestone":2,"minecraft:sweet_berries":72,"minecraft:furnace":5,"minecraft:egg":1,"minecraft:cooked_beef":18},"minecraft:mined":{"minecraft:white_bed":4,"minecraft:snow_block":776,"minecraft:cherry_log":22,"minecraft:powder_snow":9,"minecraft:crafting_table":5,"minecraft:short_grass":2,"minecraft:emerald_ore":6,"minecraft:grass_block":8,"minecraft:copper_ore":8,"minecraft:cobblestone":2,"minecraft:spruce_leaves":22,"minecraft:sugar_cane":7,"minecraft:pink_petals":1,"minecraft:spruce_sapling":1,"minecraft:furnace":2,"minecraft:iron_ore":200,"minecraft:sweet_berry_bush":2,"minecraft:snow":39,"minecraft:spruce_log":217,"minecraft:birch_leaves":1,"minecraft:pumpkin":9,"minecraft:gold_block":1,"minecraft:bell":1,"minecraft:coal_ore":110,"minecraft:oak_log":14,"minecraft:gravel":4,"minecraft:cherry_leaves":9,"minecraft:dripstone_block":1,"minecraft:dirt":25,"minecraft:stone":234},"minecraft:custom":{"minecraft:interact_with_furnace":58,"minecraft:mob_kills":84,"minecraft:interact_with_crafting_table":43,"minecraft:leave_game":1,"minecraft:time_since_death":177067,"minecraft:sleep_in_bed":8,"minecraft:time_since_rest":46006,"minecraft:sprint_one_cm":476271,"minecraft:damage_taken":1727,"minecraft:walk_one_cm":339529,"minecraft:drop":128,"minecraft:damage_dealt":9412,"minecraft:swim_one_cm":75408,"minecraft:fly_one_cm":569073,"minecraft:play_time":187898,"minecraft:open_chest":55,"minecraft:crouch_one_cm":8886,"minecraft:deaths":1,"minecraft:sneak_time":5515,"minecraft:walk_under_water_one_cm":9915,"minecraft:jump":3946,"minecraft:walk_on_water_one_cm":34416,"minecraft:total_world_time":187898,"minecraft:fall_one_cm":115539},"minecraft:picked_up":{"minecraft:crafting_table":6,"minecraft:feather":5,"minecraft:chicken":9,"minecraft:leather":30,"minecraft:wooden_pickaxe":3,"minecraft:gold_block":1,"minecraft:oak_log":14,"minecraft:gunpowder":3,"minecraft:dirt":141,"minecraft:string":2,"minecraft:raw_copper":26,"minecraft:bone":4,"minecraft:apple":1,"minecraft:bow":1,"minecraft:wheat_seeds":6,"minecraft:bell":1,"minecraft:beef":62,"minecraft:stone_pickaxe":1,"minecraft:sugar_cane":20,"minecraft:oak_planks":21,"minecraft:furnace":2,"minecraft:egg":2,"minecraft:stick":27,"minecraft:raw_iron":202,"minecraft:pumpkin":9,"minecraft:sweet_berries":99,"minecraft:gravel":3,"minecraft:porkchop":39,"minecraft:arrow":2,"minecraft:cherry_log":22,"minecraft:spruce_sapling":40,"minecraft:white_bed":4,"minecraft:spruce_log":235,"minecraft:spider_eye":1,"minecraft:rotten_flesh":5,"minecraft:stone_axe":1,"minecraft:cherry_sapling":8,"minecraft:emerald":6,"minecraft:oak_sapling":4,"minecraft:mutton":27,"minecraft:coal":191,"minecraft:snowball":2089,"minecraft:white_wool":18,"minecraft:cobblestone":294},"minecraft:crafted":{"minecraft:cooked_beef":56,"minecraft:oak_planks":56,"minecraft:cooked_porkchop":28,"minecraft:crafting_table":3,"minecraft:spruce_planks":48,"minecraft:iron_helmet":1,"minecraft:wooden_pickaxe":1,"minecraft:furnace":3,"minecraft:stone_axe":3,"minecraft:cooked_mutton":27,"minecraft:air":0,"minecraft:iron_boots":1,"minecraft:iron_chestplate":1,"minecraft:shield":1,"minecraft:iron_axe":2,"minecraft:stick":24,"minecraft:iron_ingot":195,"minecraft:iron_pickaxe":3,"minecraft:stone_pickaxe":1,"minecraft:snow_block":96,"minecraft:chest":2,"minecraft:iron_shovel":4,"minecraft:iron_leggings":1,"minecraft:white_bed":1},"minecraft:killed":{"minecraft:pig":12,"minecraft:spider":3,"minecraft:creeper":5,"minecraft:skeleton":1,"minecraft:sheep":20,"minecraft:goat":2,"minecraft:zombie":7,"minecraft:chicken":6,"minecraft:cow":28}},"DataVersion":3953}