{"stats":{"minecraft:killed_by":{"minecraft:creeper":1},"minecraft:dropped":{"minecraft:wheat_seeds":2,"minecraft:cobblestone":441,"minecraft:flint":4,"minecraft:dirt":64,"minecraft:snowball":1777,"minecraft:gold_nugget":9,"minecraft:golden_hoe":1,"minecraft:string":1,"minecraft:stone_brick_slab":84,"minecraft:snow_block":64,"minecraft:gravel":2,"minecraft:stone_axe":1,"minecraft:cobblestone_wall":6,"minecraft:rotten_flesh":7,"minecraft:gunpowder":1,"minecraft:golden_sword":2,"minecraft:spider_eye":1,"minecraft:wooden_pickaxe":4,"minecraft:beef":3},"minecraft:broken":{"minecraft:iron_shovel":3,"minecraft:stone_pickaxe":1,"minecraft:iron_axe":1,"minecraft:stone_axe":2,"minecraft:iron_pickaxe":4,"minecraft:bow":1},"minecraft:used":{"minecraft:cherry_sapling":3,"minecraft:iron_shovel":892,"minecraft:spruce_slab":209,"minecraft:chest":4,"minecraft:spruce_planks":38,"minecraft:shield":4,"minecraft:stone":2,"minecraft:rotten_flesh":1,"minecraft:torch":19,"minecraft:dirt":104,"minecraft:spruce_stairs":47,"minecraft:cobblestone_wall":13,"minecraft:snowball":52,"minecraft:spruce_fence":8,"minecraft:stripped_spruce_log":1,"minecraft:stone_brick_slab":11,"minecraft:iron_axe":454,"minecraft:golden_sword":22,"minecraft:bow":2,"minecraft:sweet_berries":72,"minecraft:furnace":5,"minecraft:egg":1,"minecraft:cooked_beef":23,"minecraft:cooked_mutton":11,"minecraft:snow_block":64,"minecraft:oak_planks":5,"minecraft:stone_pickaxe":131,"minecraft:wooden_pickaxe":3,"minecraft:crafting_table":9,"minecraft:white_bed":6,"minecraft:spruce_log":103,"minecraft:apple":1,"minecraft:iron_pickaxe":1057,"minecraft:stone_button":5,"minecraft:spruce_sapling":17,"minecraft:gravel":3,"minecraft:stone_axe":231,"minecraft:cobblestone":45},"minecraft:custom":{"minecraft:mob_kills":98,"minecraft:interact_with_crafting_table":84,"minecraft:leave_game":3,"minecraft:time_since_death":308471,"minecraft:sprint_one_cm":594840,"minecraft:walk_one_cm":577592,"minecraft:damage_blocked_by_shield":189,"minecraft:drop":147,"minecraft:play_time":319302,"minecraft:deaths":1,"minecraft:sneak_time":28254,"minecraft:walk_under_water_one_cm":9915,"minecraft:jump":5467,"minecraft:walk_on_water_one_cm":34416,"minecraft:total_world_time":319302,"minecraft:interact_with_furnace":78,"minecraft:sleep_in_bed":13,"minecraft:time_since_rest":18009,"minecraft:damage_taken":2800,"minecraft:damage_dealt":12442,"minecraft:swim_one_cm":75408,"minecraft:fly_one_cm":675925,"minecraft:open_chest":86,"minecraft:crouch_one_cm":81157,"minecraft:fall_one_cm":158673},"minecraft:mined":{"minecraft:spruce_planks":9,"minecraft:white_bed":4,"minecraft:cherry_log":22,"minecraft:grass_block":8,"minecraft:spruce_leaves":22,"minecraft:spruce_sapling":1,"minecraft:furnace":2,"minecraft:iron_ore":235,"minecraft:snow":39,"minecraft:stripped_spruce_log":3,"minecraft:pumpkin":9,"minecraft:gold_block":1,"minecraft:bell":1,"minecraft:stone":760,"minecraft:spruce_slab":72,"minecraft:snow_block":778,"minecraft:powder_snow":9,"minecraft:crafting_table":5,"minecraft:torch":1,"minecraft:short_grass":2,"minecraft:emerald_ore":6,"minecraft:copper_ore":8,"minecraft:cobblestone":15,"minecraft:sugar_cane":7,"minecraft:wall_torch":1,"minecraft:pink_petals":1,"minecraft:spruce_stairs":3,"minecraft:cobblestone_wall":1,"minecraft:sweet_berry_bush":2,"minecraft:spruce_log":329,"minecraft:birch_leaves":1,"minecraft:oak_log":14,"minecraft:coal_ore":157,"minecraft:cherry_leaves":9,"minecraft:gravel":6,"minecraft:dripstone_block":1,"minecraft:dirt":98},"minecraft:picked_up":{"minecraft:crafting_table":6,"minecraft:chicken":15,"minecraft:wooden_pickaxe":3,"minecraft:gold_block":2,"minecraft:string":3,"minecraft:raw_copper":52,"minecraft:spruce_planks":20,"minecraft:beef":62,"minecraft:spruce_slab":60,"minecraft:sugar_cane":37,"minecraft:chest":2,"minecraft:furnace":2,"minecraft:egg":2,"minecraft:stick":30,"minecraft:raw_iron":243,"minecraft:torch":2,"minecraft:spruce_stairs":7,"minecraft:spruce_fence":4,"minecraft:snow_block":128,"minecraft:porkchop":39,"minecraft:cherry_log":44,"minecraft:golden_chestplate":1,"minecraft:arrow":7,"minecraft:rotten_flesh":14,"minecraft:mutton":27,"minecraft:snowball":2271,"minecraft:white_wool":33,"minecraft:cobblestone":1312,"minecraft:feather":8,"minecraft:cooked_beef":33,"minecraft:leather":58,"minecraft:oak_log":14,"minecraft:cobblestone_wall":13,"minecraft:gunpowder":9,"minecraft:dirt":186,"minecraft:bone":14,"minecraft:apple":1,"minecraft:bow":1,"minecraft:wheat_seeds":6,"minecraft:bell":2,"minecraft:stone_pickaxe":1,"minecraft:iron_ingot":96,"minecraft:oak_planks":24,"minecraft:cooked_porkchop":28,"minecraft:pumpkin":18,"minecraft:sweet_berries":99,"minecraft:stone_brick_slab":84,"minecraft:gravel":5,"minecraft:stripped_spruce_log":3,"minecraft:spruce_sapling":67,"minecraft:white_bed":5,"minecraft:spruce_log":380,"minecraft:spider_eye":1,"minecraft:stone_axe":1,"minecraft:cherry_sapling":13,"minecraft:emerald":12,"minecraft:oak_sapling":8,"minecraft:coal":253},"minecraft:crafted":{"minecraft:oak_planks":56,"minecraft:furnace":3,"minecraft:stone_button":5,"minecraft:stone":51,"minecraft:spruce_fence":12,"minecraft:cooked_mutton":27,"minecraft:spruce_stairs":48,"minecraft:stone_brick_slab":84,"minecraft:iron_boots":1,"minecraft:iron_axe":3,"minecraft:spruce_slab":156,"minecraft:stone_pickaxe":1,"minecraft:cobblestone_wall":18,"minecraft:chest":2,"minecraft:stone_bricks":44,"minecraft:cooked_beef":56,"minecraft:cooked_porkchop":28,"minecraft:crafting_table":4,"minecraft:spruce_planks":244,"minecraft:wooden_pickaxe":1,"minecraft:iron_helmet":1,"minecraft:stone_axe":3,"minecraft:air":0,"minecraft:iron_chestplate":1,"minecraft:shield":1,"minecraft:stick":32,"minecraft:iron_ingot":195,"minecraft:iron_pickaxe":6,"minecraft:snow_block":128,"minecraft:iron_shovel":4,"minecraft:iron_leggings":1,"minecraft:white_bed":1,"minecraft:torch":44},"minecraft:killed":{"minecraft:spider":4,"minecraft:skeleton":2,"minecraft:chicken":6,"minecraft:pig":12,"minecraft:creeper":11,"minecraft:sheep":20,"minecraft:goat":2,"minecraft:zombie":13,"minecraft:cow":28}},"DataVersion":3953}