{"stats":{"minecraft:used":{"minecraft:cherry_sapling":3,"minecraft:iron_shovel":814,"minecraft:stone_pickaxe":131,"minecraft:oak_planks":5,"minecraft:chest":2,"minecraft:wooden_pickaxe":3,"minecraft:rotten_flesh":1,"minecraft:dirt":25,"minecraft:crafting_table":7,"minecraft:white_bed":5,"minecraft:snowball":22,"minecraft:spruce_log":1,"minecraft:apple":1,"minecraft:iron_pickaxe":363,"minecraft:spruce_sapling":4,"minecraft:gravel":3,"minecraft:stone_axe":150,"minecraft:golden_sword":22,"minecraft:cobblestone":2,"minecraft:sweet_berries":72,"minecraft:furnace":5,"minecraft:egg":1,"minecraft:cooked_beef":13},"minecraft:picked_up":{"minecraft:crafting_table":6,"minecraft:feather":5,"minecraft:chicken":9,"minecraft:leather":30,"minecraft:wooden_pickaxe":3,"minecraft:gold_block":1,"minecraft:oak_log":14,"minecraft:gunpowder":1,"minecraft:dirt":135,"minecraft:string":1,"minecraft:raw_copper":26,"minecraft:bone":2,"minecraft:apple":1,"minecraft:wheat_seeds":6,"minecraft:bell":1,"minecraft:beef":62,"minecraft:stone_pickaxe":1,"minecraft:sugar_cane":20,"minecraft:oak_planks":21,"minecraft:furnace":2,"minecraft:egg":2,"minecraft:stick":5,"minecraft:raw_iron":161,"minecraft:pumpkin":9,"minecraft:sweet_berries":99,"minecraft:gravel":3,"minecraft:porkchop":39,"minecraft:cherry_log":22,"minecraft:spruce_sapling":8,"minecraft:white_bed":4,"minecraft:spruce_log":49,"minecraft:spider_eye":1,"minecraft:rotten_flesh":4,"minecraft:stone_axe":1,"minecraft:cherry_sapling":8,"minecraft:emerald":6,"minecraft:oak_sapling":4,"minecraft:mutton":27,"minecraft:coal":175,"minecraft:snowball":2084,"minecraft:white_wool":18,"minecraft:cobblestone":279},"minecraft:dropped":{"minecraft:stone_axe":1,"minecraft:wheat_seeds":2,"minecraft:cobblestone":47,"minecraft:rotten_flesh":3,"minecraft:flint":4,"minecraft:dirt":64,"minecraft:gunpowder":1,"minecraft:snowball":1724,"minecraft:golden_sword":2,"minecraft:spider_eye":1,"minecraft:gold_nugget":9,"minecraft:golden_hoe":1,"minecraft:beef":3,"minecraft:wooden_pickaxe":4,"minecraft:string":1},"minecraft:killed":{"minecraft:pig":12,"minecraft:spider":2,"minecraft:creeper":1,"minecraft:sheep":20,"minecraft:goat":2,"minecraft:zombie":4,"minecraft:chicken":6,"minecraft:cow":28},"minecraft:custom":{"minecraft:interact_with_furnace":30,"minecraft:mob_kills":75,"minecraft:interact_with_crafting_table":22,"minecraft:leave_game":1,"minecraft:time_since_death":127385,"minecraft:sleep_in_bed":7,"minecraft:time_since_rest":38013,"minecraft:sprint_one_cm":400575,"minecraft:damage_taken":1446,"minecraft:walk_one_cm":277765,"minecraft:drop":128,"minecraft:damage_dealt":7672,"minecraft:swim_one_cm":75408,"minecraft:fly_one_cm":440980,"minecraft:open_chest":24,"minecraft:crouch_one_cm":5320,"minecraft:play_time":138216,"minecraft:deaths":1,"minecraft:sneak_time":2268,"minecraft:walk_under_water_one_cm":9915,"minecraft:jump":3124,"minecraft:walk_on_water_one_cm":34416,"minecraft:total_world_time":138216,"minecraft:fall_one_cm":96339},"minecraft:mined":{"minecraft:white_bed":4,"minecraft:snow_block":775,"minecraft:cherry_log":22,"minecraft:powder_snow":9,"minecraft:crafting_table":5,"minecraft:short_grass":2,"minecraft:emerald_ore":6,"minecraft:grass_block":8,"minecraft:copper_ore":8,"minecraft:spruce_leaves":20,"minecraft:sugar_cane":7,"minecraft:pink_petals":1,"minecraft:furnace":2,"minecraft:snow":38,"minecraft:iron_ore":159,"minecraft:sweet_berry_bush":2,"minecraft:spruce_log":31,"minecraft:birch_leaves":1,"minecraft:pumpkin":9,"minecraft:gold_block":1,"minecraft:bell":1,"minecraft:oak_log":14,"minecraft:coal_ore":94,"minecraft:dripstone_block":1,"minecraft:cherry_leaves":9,"minecraft:gravel":4,"minecraft:dirt":19,"minecraft:stone":221},"minecraft:killed_by":{"minecraft:creeper":1},"minecraft:crafted":{"minecraft:cooked_beef":21,"minecraft:oak_planks":56,"minecraft:crafting_table":2,"minecraft:wooden_pickaxe":1,"minecraft:furnace":3,"minecraft:stone_axe":3,"minecraft:air":0,"minecraft:stick":20,"minecraft:iron_ingot":158,"minecraft:iron_pickaxe":2,"minecraft:stone_pickaxe":1,"minecraft:snow_block":96,"minecraft:iron_shovel":4,"minecraft:chest":2,"minecraft:white_bed":1},"minecraft:broken":{"minecraft:stone_pickaxe":1,"minecraft:iron_shovel":3,"minecraft:stone_axe":1,"minecraft:iron_pickaxe":1}},"DataVersion":3953}